signal_date,trade_date,action,sector,from_sector,to_sector,rs20,score,reason,target_weight,nav_at_open,cycle_return,losing_cycle_streak
2024-10-16,2024-10-17,BUY,大数据,,大数据,1.6733057038075076,1.6733057038075076,ENTRY_TOP1,1.0,600000.0,,
2024-10-28,2024-10-29,SWITCH,低空经济,大数据,低空经济,2.013251493841714,2.013251493841714,STRONGER_RS20_MARGIN_7%,1.0,664983.4228842282,,
2024-10-30,2024-10-31,SELL,低空经济,低空经济,,,,SECTOR_DAILY_GAIN_OVER_8%_PAUSE,0.0,708017.1458372119,0.18002857639535308,0.0
2024-10-31,2024-11-01,BUY,低空经济,,低空经济,2.2065716266087185,2.2065716266087185,ENTRY_TOP1,1.0,708017.1458372119,,
2024-11-15,2024-11-18,SELL,低空经济,低空经济,,,,DOUBLE_MA20_BREAK,0.0,657172.5925067605,-0.07181260175603377,1.0
2024-12-02,2024-12-03,BUY,液冷,,液冷,1.1801816680429398,1.1801816680429398,ENTRY_TOP1,1.0,657172.5925067605,,
2024-12-18,2024-12-19,SWITCH,纺织服饰,液冷,纺织服饰,1.1020676485780025,1.1020676485780025,STRONGER_RS20_MARGIN_7%,1.0,638778.9410789673,,
2024-12-27,2024-12-30,SWITCH,PCB,纺织服饰,PCB,1.2000491491061003,1.2000491491061003,STRONGER_RS20_MARGIN_7%,1.0,633097.7331569658,,
2025-01-02,2025-01-03,SELL,PCB,PCB,,,,DOUBLE_MA20_BREAK,0.0,592931.5593714719,-0.0977536706000528,2.0
2025-01-24,2025-01-27,BUY,PCB,,PCB,1.1443730914772092,1.1443730914772092,ENTRY_TOP1,1.0,592931.5593714719,,
2025-02-05,2025-02-06,SELL,PCB,PCB,,,,DOUBLE_MA20_BREAK,0.0,532739.0030377446,-0.10151687050952984,3.0
2025-03-13,2025-03-14,BUY,工程机械,,工程机械,1.1791171060029588,1.1791171060029588,ENTRY_TOP1,1.0,532739.0030377446,,
2025-03-21,2025-03-24,SELL,工程机械,工程机械,,,,DOUBLE_MA20_BREAK,0.0,526977.449666338,-0.010814964435780783,4.0
2025-05-08,2025-05-09,BUY,CPO,,CPO,1.3018526632736753,1.3018526632736753,ENTRY_TOP1,1.0,526977.449666338,,
2025-07-15,2025-07-16,SELL,CPO,CPO,,,,SECTOR_DAILY_GAIN_OVER_8%_PAUSE,0.0,868517.8181151683,0.6481119233186932,0.0
2025-07-16,2025-07-17,BUY,CPO,,CPO,1.3587754199823165,1.3587754199823165,ENTRY_TOP1,1.0,868517.8181151683,,
2025-07-28,2025-07-29,SWITCH,稀土永磁,CPO,稀土永磁,1.4531870789428225,1.4531870789428225,STRONGER_RS20_MARGIN_7%,1.0,928954.5788128409,,
2025-08-11,2025-08-12,SWITCH,液冷,稀土永磁,液冷,1.4406709176601054,1.4406709176601054,STRONGER_RS20_MARGIN_7%,1.0,936734.9979439692,,
2025-08-18,2025-08-19,SELL,液冷,液冷,,,,SECTOR_DAILY_GAIN_OVER_8%_PAUSE,0.0,1228055.7328962162,0.41396722932099017,0.0
2025-08-19,2025-08-20,BUY,液冷,,液冷,1.9001311565940704,1.9001311565940704,ENTRY_TOP1,1.0,1228055.7328962162,,
2025-08-28,2025-08-29,SELL,液冷,液冷,,,,SECTOR_DAILY_GAIN_OVER_8%_PAUSE,0.0,1378352.1420880014,0.12238565821221314,0.0
2025-08-29,2025-09-01,BUY,CPO,,CPO,1.8274994811188299,1.8274994811188299,ENTRY_TOP1,1.0,1378352.1420880014,,
2025-09-01,2025-09-02,SELL,CPO,CPO,,,,SECTOR_DAILY_GAIN_OVER_8%_PAUSE,0.0,1440610.238784356,0.04516849852465343,0.0
2025-09-02,2025-09-03,BUY,CPO,,CPO,1.8866071153233346,1.8866071153233346,ENTRY_TOP1,1.0,1440610.238784356,,
2025-09-05,2025-09-08,SELL,CPO,CPO,,,,SECTOR_DAILY_GAIN_OVER_8%_PAUSE,0.0,1375591.715655548,-0.04513262600692969,1.0
2025-09-08,2025-09-09,BUY,CPO,,CPO,1.6485210448308287,1.6485210448308287,ENTRY_TOP1,1.0,1375591.715655548,,
2025-09-11,2025-09-12,SELL,CPO,CPO,,,,SECTOR_DAILY_GAIN_OVER_8%_PAUSE,0.0,1550088.7039600937,0.1268523111317139,0.0
2025-09-12,2025-09-15,BUY,储能,,储能,1.4099258688045164,1.4099258688045164,ENTRY_TOP1,1.0,1550088.7039600937,,
2025-10-13,2025-10-14,SWITCH,存储,储能,存储,1.3749146591241588,1.3749146591241588,STRONGER_RS20_MARGIN_7%,1.0,1623532.490699078,,
2025-10-27,2025-10-28,SELL,存储,存储,,,,SECTOR_DAILY_GAIN_OVER_8%_PAUSE,0.0,1772328.5236888705,0.1433723238941158,0.0
2025-10-28,2025-10-29,BUY,存储,,存储,1.2966513347375663,1.2966513347375663,ENTRY_TOP1,1.0,1772328.5236888705,,
2025-11-07,2025-11-10,SWITCH,光伏,存储,光伏,1.327209592071666,1.327209592071666,STRONGER_RS20_MARGIN_7%,1.0,1756505.5577511855,,
2025-11-18,2025-11-19,SELL,光伏,光伏,,,,DOUBLE_MA20_BREAK,0.0,1615483.6625960257,-0.0884964942991453,1.0
2025-12-08,2025-12-09,BUY,CPO,,CPO,1.2049977664026834,1.2049977664026834,ENTRY_TOP1,1.0,1615483.6625960257,,
2025-12-17,2025-12-18,SELL,CPO,CPO,,,,SECTOR_DAILY_GAIN_OVER_8%_PAUSE,0.0,1605174.4361361794,-0.00638151081223548,2.0
2025-12-19,2025-12-22,BUY,商业航天,,商业航天,1.485014761578147,1.485014761578147,ENTRY_TOP1,1.0,1605174.4361361794,,
2025-12-25,2025-12-26,SELL,商业航天,商业航天,,,,SECTOR_DAILY_GAIN_OVER_8%_PAUSE,0.0,1717121.0336194057,0.06974107920176786,0.0
2025-12-26,2025-12-29,BUY,商业航天,,商业航天,1.6970087314960518,1.6970087314960518,ENTRY_TOP1,1.0,1717121.0336194057,,
2025-12-31,2026-01-05,SELL,商业航天,商业航天,,,,SECTOR_DAILY_GAIN_OVER_8%_PAUSE,0.0,2066813.9186486823,0.20365069100119415,0.0
2026-01-05,2026-01-06,BUY,商业航天,,商业航天,1.8931170762247616,1.8931170762247616,ENTRY_TOP1,1.0,2066813.9186486823,,
2026-01-12,2026-01-13,SELL,商业航天,商业航天,,,,SECTOR_DAILY_GAIN_OVER_8%_PAUSE,0.0,2792987.7007391136,0.3513493767088698,0.0
2026-01-13,2026-01-14,BUY,商业航天,,商业航天,2.086098587575501,2.086098587575501,ENTRY_TOP1,1.0,2792987.7007391136,,
2026-01-23,2026-01-26,SELL,商业航天,商业航天,,,,SECTOR_DAILY_GAIN_OVER_8%_PAUSE,0.0,2519899.789899882,-0.09777626688687668,1.0
2026-01-26,2026-01-27,BUY,黄金概念,,黄金概念,1.4348196105377957,1.4348196105377957,ENTRY_TOP1,1.0,2519899.789899882,,
2026-01-28,2026-01-29,SELL,黄金概念,黄金概念,,,,SECTOR_DAILY_GAIN_OVER_8%_PAUSE,0.0,2944228.6897511967,0.16839118029696487,0.0
2026-01-29,2026-01-30,BUY,黄金概念,,黄金概念,1.6029028656494233,1.6029028656494233,ENTRY_TOP1,1.0,2944228.6897511967,,
2026-02-04,2026-02-05,SELL,黄金概念,黄金概念,,,,DOUBLE_MA20_BREAK,0.0,2537430.1678289482,-0.13816811287054775,1.0
2026-02-09,2026-02-10,BUY,光纤概念,,光纤概念,1.2647130813162906,1.2647130813162906,ENTRY_TOP1,1.0,2537430.1678289482,,
2026-03-10,2026-03-11,SELL,光纤概念,光纤概念,,,,SECTOR_DAILY_GAIN_OVER_8%_PAUSE,0.0,3187199.5618464877,0.25607380343140207,0.0
2026-03-11,2026-03-12,BUY,光纤概念,,光纤概念,1.3470600103118204,1.3470600103118204,ENTRY_TOP1,1.0,3187199.5618464877,,
2026-03-17,2026-03-18,SELL,光纤概念,光纤概念,,,,DOUBLE_MA20_BREAK,0.0,2822641.92073814,-0.11438180573077861,1.0
2026-04-08,2026-04-09,BUY,CPO,,CPO,1.1758901255309937,1.1758901255309937,ENTRY_TOP1,1.0,2822641.92073814,,
2026-04-22,2026-04-23,SWITCH,光纤概念,CPO,光纤概念,1.468649287743855,1.468649287743855,STRONGER_RS20_MARGIN_7%,1.0,3655951.493696795,,
2026-05-25,2026-05-26,SWITCH,被动元件,光纤概念,被动元件,1.57013069672953,1.57013069672953,STRONGER_RS20_MARGIN_7%,1.0,4598929.979379553,,
2026-06-09,2026-06-10,SELL,被动元件,被动元件,,,,SECTOR_DAILY_GAIN_OVER_8%_PAUSE,0.0,6458102.1209812565,1.2879636533182426,0.0
2026-06-15,2026-06-16,BUY,被动元件,,被动元件,1.8944961489088576,1.8944961489088576,ENTRY_TOP1,1.0,6458102.1209812565,,
2026-06-25,2026-06-26,SELL,被动元件,被动元件,,,,SECTOR_DAILY_GAIN_OVER_8%_PAUSE,0.0,7549329.863135804,0.16897034480290074,0.0
2026-06-29,2026-06-30,BUY,存储,,存储,1.6574679828525916,1.6574679828525916,ENTRY_TOP1,1.0,7549329.863135804,,
2026-07-08,2026-07-09,SELL,存储,存储,,,,MARKET_MA180_AND_SECTOR_MA10_BREAK,0.0,6545229.4382134015,-0.13300523928958707,1.0
2026-08-11,2026-08-12,BUY,黄金概念,,黄金概念,1.198634275545255,1.198634275545255,ENTRY_TOP1,1.0,6545229.4382134015,,
2026-08-28,2026-08-31,SWITCH,液冷,黄金概念,液冷,1.3324612577935488,1.3324612577935488,STRONGER_RS20_MARGIN_7%,1.0,6777541.6551208915,,
2026-09-09,2026-09-10,SELL,液冷,液冷,,,,MARKET_MA180_AND_SECTOR_MA10_BREAK,0.0,6977314.086244481,0.06601520269227135,0.0
2026-09-21,2026-09-22,BUY,网络安全,,网络安全,1.2006090422115636,1.2006090422115636,ENTRY_TOP1,1.0,6977314.086244481,,
