code,name,role
002212,天融信,网络安全
300369,绿盟科技,网络安全
300454,深信服,网络安全
002439,启明星辰,网络安全
688561,奇安信-U,网络安全
300768,迪普科技,网络安全
300659,中孚信息,网络安全
300674,宇信科技,网络安全
300738,奥飞数据,网络安全
300229,拓尔思,网络安全
300352,北信源,网络安全
300188,美亚柏科,网络安全
300096,易联众,网络安全
300523,辰安科技,网络安全
688023,安恒信息,网络安全
688004,博汇科技,网络安全
688038,中科通达,网络安全
688168,安博通,网络安全
688318,财富趋势,网络安全
002268,电科网安,网络安全
002368,太极股份,网络安全
000938,紫光股份,网络安全
002415,海康威视,网络安全
300202,聚龙股份,网络安全
300379,东方通,网络安全
300634,彩讯股份,网络安全
300297,蓝盾股份,网络安全
300370,安控科技,网络安全
300921,南凌科技,网络安全
300166,东方国信,网络安全
