date,nav,cash,position,exposure,cost,stale_mark,delayed,daily_return,cumulative_return,drawdown,codes
2024-10-08,600000.0,600000.0,现金,0.0,0.0,False,False,0.0,0.0,0.0,
2024-10-09,600000.0,600000.0,现金,0.0,0.0,False,False,0.0,0.0,0.0,
2024-10-10,600000.0,600000.0,现金,0.0,0.0,False,False,0.0,0.0,0.0,
2024-10-11,600000.0,600000.0,现金,0.0,0.0,False,False,0.0,0.0,0.0,
2024-10-14,600000.0,600000.0,现金,0.0,0.0,False,False,0.0,0.0,0.0,
2024-10-15,600000.0,600000.0,现金,0.0,0.0,False,False,0.0,0.0,0.0,
2024-10-16,600000.0,600000.0,现金,0.0,0.0,False,False,0.0,0.0,0.0,
2024-10-17,609167.7938803175,0.0,大数据,1.0,479.6163069544365,False,False,0.015279656467195757,0.015279656467195757,0.0,002401 / 300166 / 300168 / 300290 / 002642
2024-10-18,620675.6365134799,0.0,大数据,1.0,0.0,False,False,0.018891088381181476,0.03445939418913313,0.0,002401 / 300166 / 300168 / 300290 / 002642
2024-10-21,649415.9107139969,0.0,大数据,1.0,0.0,False,False,0.04630482092379151,0.08235985118999478,0.0,002401 / 300166 / 300168 / 300290 / 002642
2024-10-22,616008.4784102503,0.0,大数据,1.0,0.0,False,False,-0.051442275670482096,0.026680797350417063,-0.051442275670482096,002401 / 300166 / 300168 / 300290 / 002642
2024-10-23,612024.3681275159,0.0,大数据,1.0,0.0,False,False,-0.006467622479833901,0.02004061354585973,-0.05757718893177566,002401 / 300166 / 300168 / 300290 / 002642
2024-10-24,615456.7671197201,0.0,大数据,1.0,0.0,False,False,0.005608271779611762,0.025761278532866916,-0.05229182567599944,002401 / 300166 / 300168 / 300290 / 002642
2024-10-25,627445.638572644,0.0,大数据,1.0,0.0,False,False,0.019479632190950946,0.04574273095440673,-0.03383081901581031,002401 / 300166 / 300168 / 300290 / 002642
2024-10-28,660954.7667757623,0.0,大数据,1.0,0.0,False,False,0.0534056277438586,0.10159127795960377,0.0,002401 / 300166 / 300168 / 300290 / 002642
2024-10-29,656200.4147644402,0.0,低空经济,1.0,1394.2335221120456,False,False,-0.007193157913838233,0.09366735794073366,-0.007193157913838233,001696 / 002097 / 300699 / 603809 / 002984
2024-10-30,692537.5091871773,0.0,低空经济,1.0,0.0,False,False,0.055374994597925165,0.15422918197862878,0.0,001696 / 002097 / 300699 / 603809 / 002984
2024-10-31,705048.9682265096,705048.9682265096,现金,0.0,917.75674245966,False,False,0.01806611031656158,0.1750816137108493,0.0,
2024-11-01,685866.7394403124,0.0,低空经济,1.0,563.5883039380573,False,False,-0.027206945404726346,0.1431112324005206,-0.027206945404726346,001696 / 002097 / 300699 / 603809 / 002984
2024-11-04,700990.0054154708,0.0,低空经济,1.0,0.0,False,False,0.022049860571310864,0.16831667569245123,-0.005756994186161046,001696 / 002097 / 300699 / 603809 / 002984
2024-11-05,726265.9489652052,0.0,低空经济,1.0,0.0,False,False,0.036057494906440946,0.210443248275342,0.0,001696 / 002097 / 300699 / 603809 / 002984
2024-11-06,727474.2567340913,0.0,低空经济,1.0,0.0,False,False,0.001663726312114422,0.21245709455681894,0.0,001696 / 002097 / 300699 / 603809 / 002984
2024-11-07,694672.2268597665,0.0,低空经济,1.0,0.0,False,False,-0.045090296420364884,0.15778704476627747,-0.045090296420364884,001696 / 002097 / 300699 / 603809 / 002984
2024-11-08,712507.029585376,0.0,低空经济,1.0,0.0,False,False,0.025673694781538803,0.18751171597562677,-0.020574236146731706,001696 / 002097 / 300699 / 603809 / 002984
2024-11-11,728414.393713018,0.0,低空经济,1.0,0.0,False,False,0.02232590482215846,0.21402398952169666,0.0,001696 / 002097 / 300699 / 603809 / 002984
2024-11-12,706982.0204927244,0.0,低空经济,1.0,0.0,False,False,-0.029423324697147035,0.178303367487874,-0.029423324697147035,001696 / 002097 / 300699 / 603809 / 002984
2024-11-13,710638.7698759204,0.0,低空经济,1.0,0.0,False,False,0.005172337170112895,0.18439794979320068,-0.024403174883033563,001696 / 002097 / 300699 / 603809 / 002984
2024-11-14,684879.7512982002,0.0,低空经济,1.0,0.0,False,False,-0.0362476966774804,0.14146625216366693,-0.05976631267938626,001696 / 002097 / 300699 / 603809 / 002984
2024-11-15,653412.1754305975,0.0,低空经济,1.0,0.0,False,False,-0.045946132599124834,0.08902029238432907,-0.10296641435118326,001696 / 002097 / 300699 / 603809 / 002984
2024-11-18,653044.3891037852,653044.3891037852,现金,0.0,850.0627874586169,False,False,-0.0005628703300025739,0.08840731517297518,-0.10347132794156078,
2024-11-19,653044.3891037852,653044.3891037852,现金,0.0,0.0,False,False,0.0,0.08840731517297518,-0.10347132794156078,
2024-11-20,653044.3891037852,653044.3891037852,现金,0.0,0.0,False,False,0.0,0.08840731517297518,-0.10347132794156078,
2024-11-21,653044.3891037852,653044.3891037852,现金,0.0,0.0,False,False,0.0,0.08840731517297518,-0.10347132794156078,
2024-11-22,653044.3891037852,653044.3891037852,现金,0.0,0.0,False,False,0.0,0.08840731517297518,-0.10347132794156078,
2024-11-25,653044.3891037852,653044.3891037852,现金,0.0,0.0,False,False,0.0,0.08840731517297518,-0.10347132794156078,
2024-11-26,653044.3891037852,653044.3891037852,现金,0.0,0.0,False,False,0.0,0.08840731517297518,-0.10347132794156078,
2024-11-27,653044.3891037852,653044.3891037852,现金,0.0,0.0,False,False,0.0,0.08840731517297518,-0.10347132794156078,
2024-11-28,653044.3891037852,653044.3891037852,现金,0.0,0.0,False,False,0.0,0.08840731517297518,-0.10347132794156078,
2024-11-29,653044.3891037852,653044.3891037852,现金,0.0,0.0,False,False,0.0,0.08840731517297518,-0.10347132794156078,
2024-12-02,653044.3891037852,653044.3891037852,现金,0.0,0.0,False,False,0.0,0.08840731517297518,-0.10347132794156078,
2024-12-03,656102.6156067544,0.0,液冷,1.0,522.0178969654559,False,False,0.004683030057369031,0.09350435934459078,-0.09927285722301793,002837 / 300499 / 301018 / 300249 / 600510
2024-12-04,647003.4051974516,0.0,液冷,1.0,0.0,False,False,-0.01386857816576148,0.07833900866241938,-0.11176466200864354,002837 / 300499 / 301018 / 300249 / 600510
2024-12-05,656130.6920322133,0.0,液冷,1.0,0.0,False,False,0.014107015143106194,0.09355115338702213,-0.09923431264495741,002837 / 300499 / 301018 / 300249 / 600510
2024-12-06,652976.2894760878,0.0,液冷,1.0,0.0,False,False,-0.004807582688070133,0.08829381579347961,-0.10356481816949303,002837 / 300499 / 301018 / 300249 / 600510
2024-12-09,653836.3857809927,0.0,液冷,1.0,0.0,False,False,0.0013171937768139408,0.08972730963498776,-0.10238403932666895,002837 / 300499 / 301018 / 300249 / 600510
2024-12-10,653993.1467130794,0.0,液冷,1.0,0.0,False,False,0.00023975559558286896,0.08998857785513237,-0.10216883087741291,002837 / 300499 / 301018 / 300249 / 600510
2024-12-11,683079.4777719581,0.0,液冷,1.0,0.0,False,False,0.04447497837716563,0.13846579628659694,-0.06223780904434062,002837 / 300499 / 301018 / 300249 / 600510
2024-12-12,685049.6057526511,0.0,液冷,1.0,0.0,False,False,0.002884185581331078,0.1417493429210852,-0.05953312885446893,002837 / 300499 / 301018 / 300249 / 600510
2024-12-13,700229.9610382156,0.0,液冷,1.0,0.0,False,False,0.022159497878823098,0.16704993506369248,-0.03869285521821608,002837 / 300499 / 301018 / 300249 / 600510
2024-12-16,682575.1432227535,0.0,液冷,1.0,0.0,False,False,-0.02521288547734457,0.13762523870458931,-0.06293018216815238,002837 / 300499 / 301018 / 300249 / 600510
2024-12-17,642876.7238589714,0.0,液冷,1.0,0.0,False,False,-0.05815977882866863,0.0714612064316189,-0.11742995552027347,002837 / 300499 / 301018 / 300249 / 600510
2024-12-18,646106.8606845979,0.0,液冷,1.0,0.0,False,False,0.00502450424124401,0.07684476780766314,-0.11299547858859016,002837 / 300499 / 301018 / 300249 / 600510
2024-12-19,633295.4933095641,0.0,纺织服饰,1.0,1330.8789346898784,False,False,-0.01982855802128336,0.05549248884927338,-0.1305834992065369,600398 / 600177 / 002563 / 603877 / 002327
2024-12-20,639818.1112321729,0.0,纺织服饰,1.0,0.0,False,False,0.01029948577167672,0.06636351872028823,-0.1216289563269537,600398 / 600177 / 002563 / 603877 / 002327
2024-12-23,633449.132357529,0.0,纺织服饰,1.0,0.0,False,False,-0.009954358532268559,0.05574855392921507,-0.1303725766200381,600398 / 600177 / 002563 / 603877 / 002327
2024-12-24,639422.77025645,0.0,纺织服饰,1.0,0.0,False,False,0.009430335592518269,0.06570461709408337,-0.12217169817710805,600398 / 600177 / 002563 / 603877 / 002327
2024-12-25,628657.2409228883,0.0,纺织服饰,1.0,0.0,False,False,-0.01683632462641904,0.04776206820481388,-0.1369511004328564,600398 / 600177 / 002563 / 603877 / 002327
2024-12-26,623861.6142489929,0.0,纺织服饰,1.0,0.0,False,False,-0.0076283646504338165,0.039769357081654855,-0.14353475214991018,600398 / 600177 / 002563 / 603877 / 002327
2024-12-27,627568.4741727986,0.0,纺织服饰,1.0,0.0,False,False,0.005941798371852158,0.04594745695466429,-0.13844580833468667,600398 / 600177 / 002563 / 603877 / 002327
2024-12-30,624730.9710632837,0.0,PCB,1.0,1316.2745144951327,False,False,-0.004521423918330103,0.041218285105472985,-0.14234126006381975,002463 / 600183 / 002916 / 002938 / 300476
2024-12-31,596861.6255858284,0.0,PCB,1.0,0.0,False,False,-0.044610155040051946,-0.00523062402361929,-0.18060154942382833,002463 / 600183 / 002916 / 002938 / 300476
2025-01-02,583906.4225363041,0.0,PCB,1.0,0.0,False,False,-0.021705538594156804,-0.026822629106159845,-0.1983870341168017,002463 / 600183 / 002916 / 002938 / 300476
2025-01-03,585505.6440505787,585505.6440505787,现金,0.0,762.1481298345373,False,False,0.0027388318616672347,-0.024157259915702167,-0.1961915509851152,
2025-01-06,585505.6440505787,585505.6440505787,现金,0.0,0.0,False,False,0.0,-0.024157259915702167,-0.1961915509851152,
2025-01-07,585505.6440505787,585505.6440505787,现金,0.0,0.0,False,False,0.0,-0.024157259915702167,-0.1961915509851152,
2025-01-08,585505.6440505787,585505.6440505787,现金,0.0,0.0,False,False,0.0,-0.024157259915702167,-0.1961915509851152,
2025-01-09,585505.6440505787,585505.6440505787,现金,0.0,0.0,False,False,0.0,-0.024157259915702167,-0.1961915509851152,
2025-01-10,585505.6440505787,585505.6440505787,现金,0.0,0.0,False,False,0.0,-0.024157259915702167,-0.1961915509851152,
2025-01-13,585505.6440505787,585505.6440505787,现金,0.0,0.0,False,False,0.0,-0.024157259915702167,-0.1961915509851152,
2025-01-14,585505.6440505787,585505.6440505787,现金,0.0,0.0,False,False,0.0,-0.024157259915702167,-0.1961915509851152,
2025-01-15,585505.6440505787,585505.6440505787,现金,0.0,0.0,False,False,0.0,-0.024157259915702167,-0.1961915509851152,
2025-01-16,585505.6440505787,585505.6440505787,现金,0.0,0.0,False,False,0.0,-0.024157259915702167,-0.1961915509851152,
2025-01-17,585505.6440505787,585505.6440505787,现金,0.0,0.0,False,False,0.0,-0.024157259915702167,-0.1961915509851152,
2025-01-20,585505.6440505787,585505.6440505787,现金,0.0,0.0,False,False,0.0,-0.024157259915702167,-0.1961915509851152,
2025-01-21,585505.6440505787,585505.6440505787,现金,0.0,0.0,False,False,0.0,-0.024157259915702167,-0.1961915509851152,
2025-01-22,585505.6440505787,585505.6440505787,现金,0.0,0.0,False,False,0.0,-0.024157259915702167,-0.1961915509851152,
2025-01-23,585505.6440505787,585505.6440505787,现金,0.0,0.0,False,False,0.0,-0.024157259915702167,-0.1961915509851152,
2025-01-24,585505.6440505787,585505.6440505787,现金,0.0,0.0,False,False,0.0,-0.024157259915702167,-0.1961915509851152,
2025-01-27,570312.6167451517,0.0,PCB,1.0,468.03009116752906,False,False,-0.02594855824159159,-0.04947897209141383,-0.21704922133946125,002463 / 600183 / 002916 / 002938 / 300476
2025-02-05,521160.6089088545,0.0,PCB,1.0,0.0,False,False,-0.08618432486521888,-0.13139898515190918,-0.28452730560101724,002463 / 600183 / 002916 / 002938 / 300476
2025-02-06,524963.0859057516,524963.0859057516,现金,0.0,683.3403541378561,False,False,0.007296171145509733,-0.1250615234904141,-0.27930709437274326,
2025-02-07,524963.0859057516,524963.0859057516,现金,0.0,0.0,False,False,0.0,-0.1250615234904141,-0.27930709437274326,
2025-02-10,524963.0859057516,524963.0859057516,现金,0.0,0.0,False,False,0.0,-0.1250615234904141,-0.27930709437274326,
2025-02-11,524963.0859057516,524963.0859057516,现金,0.0,0.0,False,False,0.0,-0.1250615234904141,-0.27930709437274326,
2025-02-12,524963.0859057516,524963.0859057516,现金,0.0,0.0,False,False,0.0,-0.1250615234904141,-0.27930709437274326,
2025-02-13,524963.0859057516,524963.0859057516,现金,0.0,0.0,False,False,0.0,-0.1250615234904141,-0.27930709437274326,
2025-02-14,524963.0859057516,524963.0859057516,现金,0.0,0.0,False,False,0.0,-0.1250615234904141,-0.27930709437274326,
2025-02-17,524963.0859057516,524963.0859057516,现金,0.0,0.0,False,False,0.0,-0.1250615234904141,-0.27930709437274326,
2025-02-18,524963.0859057516,524963.0859057516,现金,0.0,0.0,False,False,0.0,-0.1250615234904141,-0.27930709437274326,
2025-02-19,524963.0859057516,524963.0859057516,现金,0.0,0.0,False,False,0.0,-0.1250615234904141,-0.27930709437274326,
2025-02-20,524963.0859057516,524963.0859057516,现金,0.0,0.0,False,False,0.0,-0.1250615234904141,-0.27930709437274326,
2025-02-21,524963.0859057516,524963.0859057516,现金,0.0,0.0,False,False,0.0,-0.1250615234904141,-0.27930709437274326,
2025-02-24,524963.0859057516,524963.0859057516,现金,0.0,0.0,False,False,0.0,-0.1250615234904141,-0.27930709437274326,
2025-02-25,524963.0859057516,524963.0859057516,现金,0.0,0.0,False,False,0.0,-0.1250615234904141,-0.27930709437274326,
2025-02-26,524963.0859057516,524963.0859057516,现金,0.0,0.0,False,False,0.0,-0.1250615234904141,-0.27930709437274326,
2025-02-27,524963.0859057516,524963.0859057516,现金,0.0,0.0,False,False,0.0,-0.1250615234904141,-0.27930709437274326,
2025-02-28,524963.0859057516,524963.0859057516,现金,0.0,0.0,False,False,0.0,-0.1250615234904141,-0.27930709437274326,
2025-03-03,524963.0859057516,524963.0859057516,现金,0.0,0.0,False,False,0.0,-0.1250615234904141,-0.27930709437274326,
2025-03-04,524963.0859057516,524963.0859057516,现金,0.0,0.0,False,False,0.0,-0.1250615234904141,-0.27930709437274326,
2025-03-05,524963.0859057516,524963.0859057516,现金,0.0,0.0,False,False,0.0,-0.1250615234904141,-0.27930709437274326,
2025-03-06,524963.0859057516,524963.0859057516,现金,0.0,0.0,False,False,0.0,-0.1250615234904141,-0.27930709437274326,
2025-03-07,524963.0859057516,524963.0859057516,现金,0.0,0.0,False,False,0.0,-0.1250615234904141,-0.27930709437274326,
2025-03-10,524963.0859057516,524963.0859057516,现金,0.0,0.0,False,False,0.0,-0.1250615234904141,-0.27930709437274326,
2025-03-11,524963.0859057516,524963.0859057516,现金,0.0,0.0,False,False,0.0,-0.1250615234904141,-0.27930709437274326,
2025-03-12,524963.0859057516,524963.0859057516,现金,0.0,0.0,False,False,0.0,-0.1250615234904141,-0.27930709437274326,
2025-03-13,524963.0859057516,524963.0859057516,现金,0.0,0.0,False,False,0.0,-0.1250615234904141,-0.27930709437274326,
2025-03-14,533937.8643671672,0.0,工程机械,1.0,419.63476091586864,False,False,0.017096018181794514,-0.1101035593880546,-0.26698611535464933,600031 / 000157 / 000425 / 601100 / 603298
2025-03-17,528166.4278749141,0.0,工程机械,1.0,0.0,False,False,-0.010809191251295647,-0.11972262020847646,-0.27490940262363617,600031 / 000157 / 000425 / 601100 / 603298
2025-03-18,526018.138436351,0.0,工程机械,1.0,0.0,False,False,-0.0040674479201694425,-0.12330310260608168,-0.27785867086586913,600031 / 000157 / 000425 / 601100 / 603298
2025-03-19,526836.3974785432,0.0,工程机械,1.0,0.0,False,False,0.0015555719135933455,-0.12193933753576125,-0.27673532809662305,600031 / 000157 / 000425 / 601100 / 603298
2025-03-20,524103.01068572234,0.0,工程机械,1.0,0.0,False,False,-0.005188302869549188,-0.12649498219046273,-0.28048784426930295,600031 / 000157 / 000425 / 601100 / 603298
2025-03-21,517528.11497782497,0.0,工程机械,1.0,0.0,False,False,-0.012545044721828602,-0.1374531417036251,-0.2895141564408438,600031 / 000157 / 000425 / 601100 / 603298
2025-03-24,518196.0006835942,518196.0006835942,现金,0.0,674.5316920883873,False,False,0.0012905302850994005,-0.13633999886067638,-0.2885972529425963,
2025-03-25,518196.0006835942,518196.0006835942,现金,0.0,0.0,False,False,0.0,-0.13633999886067638,-0.2885972529425963,
2025-03-26,518196.0006835942,518196.0006835942,现金,0.0,0.0,False,False,0.0,-0.13633999886067638,-0.2885972529425963,
2025-03-27,518196.0006835942,518196.0006835942,现金,0.0,0.0,False,False,0.0,-0.13633999886067638,-0.2885972529425963,
2025-03-28,518196.0006835942,518196.0006835942,现金,0.0,0.0,False,False,0.0,-0.13633999886067638,-0.2885972529425963,
2025-03-31,518196.0006835942,518196.0006835942,现金,0.0,0.0,False,False,0.0,-0.13633999886067638,-0.2885972529425963,
2025-04-01,518196.0006835942,518196.0006835942,现金,0.0,0.0,False,False,0.0,-0.13633999886067638,-0.2885972529425963,
2025-04-02,518196.0006835942,518196.0006835942,现金,0.0,0.0,False,False,0.0,-0.13633999886067638,-0.2885972529425963,
2025-04-03,518196.0006835942,518196.0006835942,现金,0.0,0.0,False,False,0.0,-0.13633999886067638,-0.2885972529425963,
2025-04-07,518196.0006835942,518196.0006835942,现金,0.0,0.0,False,False,0.0,-0.13633999886067638,-0.2885972529425963,
2025-04-08,518196.0006835942,518196.0006835942,现金,0.0,0.0,False,False,0.0,-0.13633999886067638,-0.2885972529425963,
2025-04-09,518196.0006835942,518196.0006835942,现金,0.0,0.0,False,False,0.0,-0.13633999886067638,-0.2885972529425963,
2025-04-10,518196.0006835942,518196.0006835942,现金,0.0,0.0,False,False,0.0,-0.13633999886067638,-0.2885972529425963,
2025-04-11,518196.0006835942,518196.0006835942,现金,0.0,0.0,False,False,0.0,-0.13633999886067638,-0.2885972529425963,
2025-04-14,518196.0006835942,518196.0006835942,现金,0.0,0.0,False,False,0.0,-0.13633999886067638,-0.2885972529425963,
2025-04-15,518196.0006835942,518196.0006835942,现金,0.0,0.0,False,False,0.0,-0.13633999886067638,-0.2885972529425963,
2025-04-16,518196.0006835942,518196.0006835942,现金,0.0,0.0,False,False,0.0,-0.13633999886067638,-0.2885972529425963,
2025-04-17,518196.0006835942,518196.0006835942,现金,0.0,0.0,False,False,0.0,-0.13633999886067638,-0.2885972529425963,
2025-04-18,518196.0006835942,518196.0006835942,现金,0.0,0.0,False,False,0.0,-0.13633999886067638,-0.2885972529425963,
2025-04-21,518196.0006835942,518196.0006835942,现金,0.0,0.0,False,False,0.0,-0.13633999886067638,-0.2885972529425963,
2025-04-22,518196.0006835942,518196.0006835942,现金,0.0,0.0,False,False,0.0,-0.13633999886067638,-0.2885972529425963,
2025-04-23,518196.0006835942,518196.0006835942,现金,0.0,0.0,False,False,0.0,-0.13633999886067638,-0.2885972529425963,
2025-04-24,518196.0006835942,518196.0006835942,现金,0.0,0.0,False,False,0.0,-0.13633999886067638,-0.2885972529425963,
2025-04-25,518196.0006835942,518196.0006835942,现金,0.0,0.0,False,False,0.0,-0.13633999886067638,-0.2885972529425963,
2025-04-28,518196.0006835942,518196.0006835942,现金,0.0,0.0,False,False,0.0,-0.13633999886067638,-0.2885972529425963,
2025-04-29,518196.0006835942,518196.0006835942,现金,0.0,0.0,False,False,0.0,-0.13633999886067638,-0.2885972529425963,
2025-04-30,518196.0006835942,518196.0006835942,现金,0.0,0.0,False,False,0.0,-0.13633999886067638,-0.2885972529425963,
2025-05-06,518196.0006835942,518196.0006835942,现金,0.0,0.0,False,False,0.0,-0.13633999886067638,-0.2885972529425963,
2025-05-07,518196.0006835942,518196.0006835942,现金,0.0,0.0,False,False,0.0,-0.13633999886067638,-0.2885972529425963,
2025-05-08,518196.0006835942,518196.0006835942,现金,0.0,0.0,False,False,0.0,-0.13633999886067638,-0.2885972529425963,
2025-05-09,522674.00921188993,0.0,CPO,1.0,414.22542021070683,False,False,0.008641534327529454,-0.12887665131351678,-0.2824496416832011,300308 / 300502 / 300394 / 002281 / 603083
2025-05-12,540074.9350462499,0.0,CPO,1.0,0.0,False,False,0.033292119997697656,-0.09987510825625023,-0.2585608690497273,300308 / 300502 / 300394 / 002281 / 603083
2025-05-13,541293.2735106373,0.0,CPO,1.0,0.0,False,False,0.0022558692976246686,-0.09784454414893773,-0.25688827927815905,300308 / 300502 / 300394 / 002281 / 603083
2025-05-14,542085.6934610201,0.0,CPO,1.0,0.0,False,False,0.0014639382921635136,-0.09652384423163307,-0.25580040957483885,300308 / 300502 / 300394 / 002281 / 603083
2025-05-15,524429.9982880629,0.0,CPO,1.0,0.0,False,False,-0.03256993384243745,-0.12595000285322855,-0.2800389410005554,300308 / 300502 / 300394 / 002281 / 603083
2025-05-16,535393.049948815,0.0,CPO,1.0,0.0,False,False,0.020904699762675172,-0.10767825008530829,-0.26498837122135444,300308 / 300502 / 300394 / 002281 / 603083
2025-05-19,523505.27046835015,0.0,CPO,1.0,0.0,False,False,-0.02220383600721265,-0.12749121588608303,-0.2813084488901497,300308 / 300502 / 300394 / 002281 / 603083
2025-05-20,528142.8879279839,0.0,CPO,1.0,0.0,False,False,0.008858778929741629,-0.11976185345336021,-0.2749417193201944,300308 / 300502 / 300394 / 002281 / 603083
2025-05-21,528528.8056381501,0.0,CPO,1.0,0.0,False,False,0.0007307070093858226,-0.1191186572697499,-0.2744119141522885,300308 / 300502 / 300394 / 002281 / 603083
2025-05-22,523962.08622623567,0.0,CPO,1.0,0.0,False,False,-0.008640436175281874,-0.1267298562896072,-0.2806813116976006,300308 / 300502 / 300394 / 002281 / 603083
2025-05-23,510787.7612322737,0.0,CPO,1.0,0.0,False,False,-0.025143660849295757,-0.14868706461287717,-0.29876761683883646,300308 / 300502 / 300394 / 002281 / 603083
2025-05-26,514049.6582395282,0.0,CPO,1.0,0.0,False,False,0.006386012459235868,-0.1432505696007863,-0.2942895381031496,300308 / 300502 / 300394 / 002281 / 603083
2025-05-27,502015.4669631589,0.0,CPO,1.0,0.0,False,False,-0.023410561768648752,-0.16330755506140182,-0.31081061646216745,300308 / 300502 / 300394 / 002281 / 603083
2025-05-28,522229.04701410956,0.0,CPO,1.0,0.0,False,False,0.04026485513131428,-0.12961825497648405,-0.28306050577597697,300308 / 300502 / 300394 / 002281 / 603083
2025-05-29,536054.9009878368,0.0,CPO,1.0,0.0,False,False,0.026474693532996252,-0.10657516502027209,-0.2640797523846946,300308 / 300502 / 300394 / 002281 / 603083
2025-05-30,530748.6928291,0.0,CPO,1.0,0.0,False,False,-0.009898628198265813,-0.11541884528483337,-0.27136435329941433,300308 / 300502 / 300394 / 002281 / 603083
2025-06-03,524314.9486029152,0.0,CPO,1.0,0.0,False,False,-0.012122016150224346,-0.1261417523284747,-0.2801968863763479,300308 / 300502 / 300394 / 002281 / 603083
2025-06-04,550907.8692278208,0.0,CPO,1.0,0.0,False,False,0.05071936380178532,-0.08182021795363204,-0.24368893039081208,300308 / 300502 / 300394 / 002281 / 603083
2025-06-05,581274.3236850811,0.0,CPO,1.0,0.0,False,False,0.055120749136917224,-0.03120946052486484,-0.20200049765341055,300308 / 300502 / 300394 / 002281 / 603083
2025-06-06,599304.7693367401,0.0,CPO,1.0,0.0,False,False,0.031018823500326365,-0.0011587177720997488,-0.17724749193677347,300308 / 300502 / 300394 / 002281 / 603083
2025-06-09,617041.1195737236,0.0,CPO,1.0,0.0,False,False,0.029594875836901124,0.028401865956205974,-0.1528982336161433,300308 / 300502 / 300394 / 002281 / 603083
2025-06-10,608550.6098449348,0.0,CPO,1.0,0.0,False,False,-0.013760038771248206,0.01425101640822457,-0.16455438676477807,300308 / 300502 / 300394 / 002281 / 603083
2025-06-11,603877.8986157082,0.0,CPO,1.0,0.0,False,False,-0.007678426664328275,0.006463164359513662,-0.17096929463803945,300308 / 300502 / 300394 / 002281 / 603083
2025-06-12,636293.9505358936,0.0,CPO,1.0,0.0,False,False,0.05367981175415393,0.06048991755982258,-0.12646708243579585,300308 / 300502 / 300394 / 002281 / 603083
2025-06-13,630497.83022138,0.0,CPO,1.0,0.0,False,False,-0.009109186578989181,0.050829717035633326,-0.13442425676477698,300308 / 300502 / 300394 / 002281 / 603083
2025-06-16,653505.429243743,0.0,CPO,1.0,0.0,False,False,0.036491162886769235,0.08917571540623825,-0.10283839132754402,300308 / 300502 / 300394 / 002281 / 603083
2025-06-17,646670.68140782,0.0,CPO,1.0,0.0,False,False,-0.010458593808214234,0.07778446901303337,-0.11222144017297331,300308 / 300502 / 300394 / 002281 / 603083
2025-06-18,672513.2297063536,0.0,CPO,1.0,0.0,False,False,0.03996245545301935,0.12085538284392272,-0.0767436290237401,300308 / 300502 / 300394 / 002281 / 603083
2025-06-19,674181.2581873126,0.0,CPO,1.0,0.0,False,False,0.0024802909552981145,0.12363543031218782,-0.07445368459738633,300308 / 300502 / 300394 / 002281 / 603083
2025-06-20,660455.7180166224,0.0,CPO,1.0,0.0,False,False,-0.02035882784341181,0.10075953002770399,-0.0932967226937722,300308 / 300502 / 300394 / 002281 / 603083
2025-06-23,653458.8122910943,0.0,CPO,1.0,0.0,False,False,-0.010594057307187876,0.08909802048515725,-0.1029023891741695,300308 / 300502 / 300394 / 002281 / 603083
2025-06-24,658712.1499377788,0.0,CPO,1.0,0.0,False,False,0.00803927890767242,0.09785358322963145,-0.09569037127333402,300308 / 300502 / 300394 / 002281 / 603083
2025-06-25,670294.8852638401,0.0,CPO,1.0,0.0,False,False,0.017583910251473878,0.11715814210640008,-0.0797890719222607,300308 / 300502 / 300394 / 002281 / 603083
2025-06-26,686242.2166485046,0.0,CPO,1.0,0.0,False,False,0.023791515846622202,0.14373702774750763,-0.05789585904466421,300308 / 300502 / 300394 / 002281 / 603083
2025-06-27,708834.433539681,0.0,CPO,1.0,0.0,False,False,0.032921636621997985,0.1813907225661351,-0.026880248856053224,300308 / 300502 / 300394 / 002281 / 603083
2025-06-30,732678.6665202973,0.0,CPO,1.0,0.0,False,False,0.03363864938325034,0.22113111086716208,0.0,300308 / 300502 / 300394 / 002281 / 603083
2025-07-01,729315.0273158466,0.0,CPO,1.0,0.0,False,False,-0.004590879137269743,0.21552504552641105,-0.004590879137269743,300308 / 300502 / 300394 / 002281 / 603083
2025-07-02,700207.9066760795,0.0,CPO,1.0,0.0,False,False,-0.039910216503960316,0.1670131777934658,-0.044317872660918134,300308 / 300502 / 300394 / 002281 / 603083
2025-07-03,721546.7088961924,0.0,CPO,1.0,0.0,False,False,0.03047495182025184,0.20257784816032065,-0.015193505874783853,300308 / 300502 / 300394 / 002281 / 603083
2025-07-04,705491.2920918122,0.0,CPO,1.0,0.0,False,False,-0.022251389420016032,0.17581882015302042,-0.037106818678924736,300308 / 300502 / 300394 / 002281 / 603083
2025-07-07,693486.5290611752,0.0,CPO,1.0,0.0,False,False,-0.01701617463631966,0.15581088176862523,-0.05349157720840558,300308 / 300502 / 300394 / 002281 / 603083
2025-07-08,743804.2187943088,0.0,CPO,1.0,0.0,False,False,0.07255755897847438,0.23967369799051474,0.0,300308 / 300502 / 300394 / 002281 / 603083
2025-07-09,747512.1913978965,0.0,CPO,1.0,0.0,False,False,0.004985145969726101,0.2458536523298276,0.0,300308 / 300502 / 300394 / 002281 / 603083
2025-07-10,750748.9691126941,0.0,CPO,1.0,0.0,False,False,0.004330066789606013,0.25124828185449033,0.0,300308 / 300502 / 300394 / 002281 / 603083
2025-07-11,741189.2035511502,0.0,CPO,1.0,0.0,False,False,-0.012733637946706233,0.23531533925191694,-0.012733637946706233,300308 / 300502 / 300394 / 002281 / 603083
2025-07-14,750568.0737542589,0.0,CPO,1.0,0.0,False,False,0.012653813841557726,0.2509467895904316,-0.00024095318925188014,300308 / 300502 / 300394 / 002281 / 603083
2025-07-15,840157.7749767847,0.0,CPO,1.0,0.0,False,False,0.11936252600567987,0.4002629582946411,0.0,300308 / 300502 / 300394 / 002281 / 603083
2025-07-16,852252.9464759671,852252.9464759671,现金,0.0,1109.3710127353131,False,False,0.014396309668760265,0.42042157745994513,0.0,
2025-07-17,908544.9269972914,0.0,CPO,1.0,681.257351299734,False,False,0.06605079014873394,0.5142415449954856,0.0,300308 / 300502 / 300394 / 002281 / 603083
2025-07-18,900496.6393535375,0.0,CPO,1.0,0.0,False,False,-0.00885843661067287,0.5008277322558958,-0.00885843661067287,300308 / 300502 / 300394 / 002281 / 603083
2025-07-21,893308.0604404497,0.0,CPO,1.0,0.0,False,False,-0.007982904764917698,0.4888467674007495,-0.01677062531976148,300308 / 300502 / 300394 / 002281 / 603083
2025-07-22,886074.6059799789,0.0,CPO,1.0,0.0,False,False,-0.008097379594788734,0.4767910099666315,-0.024732206795294198,300308 / 300502 / 300394 / 002281 / 603083
2025-07-23,882790.3269074911,0.0,CPO,1.0,0.0,False,False,-0.0037065491441947707,0.47131721151248507,-0.02834708479955783,300308 / 300502 / 300394 / 002281 / 603083
2025-07-24,871845.5482806169,0.0,CPO,1.0,0.0,False,False,-0.012397936739083848,0.4530759138010281,-0.0403935761745593,300308 / 300502 / 300394 / 002281 / 603083
2025-07-25,870901.9008079626,0.0,CPO,1.0,0.0,False,False,-0.0010823562436205192,0.45150316801327106,-0.041432212178805106,300308 / 300502 / 300394 / 002281 / 603083
2025-07-28,909434.1577886724,0.0,CPO,1.0,0.0,False,False,0.04424408414422132,0.515723596314454,0.0,300308 / 300502 / 300394 / 002281 / 603083
2025-07-29,905846.4114784829,0.0,稀土永磁,1.0,1911.2124234211142,False,False,-0.003945031401628052,0.5097440191308049,-0.003945031401628052,600111 / 000831 / 002600 / 300224 / 688077
2025-07-30,888148.3714623897,0.0,稀土永磁,1.0,0.0,False,False,-0.01953757258607136,0.48024728577064946,-0.023405527650335878,600111 / 000831 / 002600 / 300224 / 688077
2025-07-31,864185.8623686491,0.0,稀土永磁,1.0,0.0,False,False,-0.02698029953518344,0.44030977061441523,-0.04975433903873416,600111 / 000831 / 002600 / 300224 / 688077
2025-08-01,848271.7832278482,0.0,稀土永磁,1.0,0.0,False,False,-0.01841511164876264,0.41378630537974703,-0.06725321897908809,600111 / 000831 / 002600 / 300224 / 688077
2025-08-04,853596.502983964,0.0,稀土永磁,1.0,0.0,False,False,0.006277138838514995,0.42266083830660683,-0.06139823793344201,600111 / 000831 / 002600 / 300224 / 688077
2025-08-05,857332.0866228824,0.0,稀土永磁,1.0,0.0,False,False,0.0043762874213515435,0.4288868110381374,-0.057290646848451754,600111 / 000831 / 002600 / 300224 / 688077
2025-08-06,870970.9382667972,0.0,稀土永磁,1.0,0.0,False,False,0.015908481505270133,0.4516182304446621,-0.04229357253899513,600111 / 000831 / 002600 / 300224 / 688077
2025-08-07,930440.3142689184,0.0,稀土永磁,1.0,0.0,False,False,0.06827940335238192,0.5507338571148639,0.0,600111 / 000831 / 002600 / 300224 / 688077
2025-08-08,912006.7875255307,0.0,稀土永磁,1.0,0.0,False,False,-0.019811616565509227,0.5200113125425512,-0.019811616565509227,600111 / 000831 / 002600 / 300224 / 688077
2025-08-11,922154.3207844107,0.0,稀土永磁,1.0,0.0,False,False,0.011126598395624354,0.5369238679740178,-0.008905454070977425,600111 / 000831 / 002600 / 300224 / 688077
2025-08-12,978232.3294972464,0.0,液冷,1.0,1923.1757746631833,False,False,0.060811956793884736,0.630387215828744,0.0,002837 / 300499 / 301018 / 300249 / 600510
2025-08-13,1019986.4716579969,0.0,液冷,1.0,0.0,False,False,0.04268325724034261,0.6999774527633282,0.0,002837 / 300499 / 301018 / 300249 / 600510
2025-08-14,1004914.1445355925,0.0,液冷,1.0,0.0,False,False,-0.014776987284845222,0.6748569075593209,-0.014776987284845222,002837 / 300499 / 301018 / 300249 / 600510
2025-08-15,1073203.7662188709,0.0,液冷,1.0,0.0,False,False,0.06795567766123689,0.7886729436981181,0.0,002837 / 300499 / 301018 / 300249 / 600510
2025-08-18,1190975.9919709256,0.0,液冷,1.0,0.0,False,False,0.10973892326803125,0.9849599866182093,0.0,002837 / 300499 / 301018 / 300249 / 600510
2025-08-19,1197487.8486021662,1197487.8486021662,现金,0.0,1558.760591952354,False,False,0.0054676640630380025,0.9958130810036103,0.0,
2025-08-20,1248625.9337748715,0.0,液冷,1.0,957.2244992823072,False,False,0.042704471057805726,1.0810432229581193,0.0,002837 / 300499 / 301018 / 300249 / 600510
2025-08-21,1187357.1765138856,0.0,液冷,1.0,0.0,False,False,-0.049068944992802566,0.9789286275231426,-0.049068944992802566,002837 / 300499 / 301018 / 300249 / 600510
2025-08-22,1214438.7137743412,0.0,液冷,1.0,0.0,False,False,0.022808248264408304,1.0240645229572354,-0.027379873407862743,002837 / 300499 / 301018 / 300249 / 600510
2025-08-25,1230293.679098473,0.0,液冷,1.0,0.0,False,False,0.01305538529388306,1.0504894651641217,-0.014681942910617085,002837 / 300499 / 301018 / 300249 / 600510
2025-08-26,1225090.798278511,0.0,液冷,1.0,0.0,False,False,-0.004228974681699138,1.0418179971308517,-0.01884882802746901,002837 / 300499 / 301018 / 300249 / 600510
2025-08-27,1226884.509832612,0.0,液冷,1.0,0.0,False,False,0.0014641458058630707,1.0448075163876869,-0.017412279654107743,002837 / 300499 / 301018 / 300249 / 600510
2025-08-28,1309530.5614494453,0.0,液冷,1.0,0.0,False,False,0.06736253571911921,1.1825509357490755,0.0,002837 / 300499 / 301018 / 300249 / 600510
2025-08-29,1341222.9526490495,1341222.9526490495,现金,0.0,1745.8594557362212,False,False,0.024201337588124483,1.235371587748416,0.0,
2025-09-01,1421210.5387502909,0.0,CPO,1.0,1072.1206655867704,False,False,0.05963779992227081,1.368684231250485,0.0,300308 / 300502 / 300394 / 002281 / 603083
2025-09-02,1398862.5443980016,1398862.5443980016,现金,0.0,1820.8884627189368,False,False,-0.01572461907856415,1.3314375739966695,-0.01572461907856415,
2025-09-03,1444206.0302366605,0.0,CPO,1.0,1118.1954791350934,False,False,0.03241453995622745,1.407010050394434,0.0,300308 / 300502 / 300394 / 002281 / 603083
2025-09-04,1258664.850585802,0.0,CPO,1.0,0.0,False,False,-0.12847279111585908,1.0977747509763365,-0.12847279111585908,300308 / 300502 / 300394 / 002281 / 603083
2025-09-05,1361563.279533472,0.0,CPO,1.0,0.0,False,False,0.08175204773516898,1.2692721325557863,-0.057223657132664085,300308 / 300502 / 300394 / 002281 / 603083
2025-09-08,1332925.4173470563,1332925.4173470563,现金,0.0,1735.0586187555552,False,False,-0.021033074714109534,1.2215423622450938,-0.07705314239088779,
2025-09-09,1320890.495361839,0.0,CPO,1.0,1065.487943522827,False,False,-0.009028953779852689,1.201484158936398,-0.08538638690950073,300308 / 300502 / 300394 / 002281 / 603083
2025-09-10,1384007.1997542433,0.0,CPO,1.0,0.0,False,False,0.04778344958498204,1.306678666257072,-0.04168299343865256,300308 / 300502 / 300394 / 002281 / 603083
2025-09-11,1546643.2053856817,0.0,CPO,1.0,0.0,False,False,0.11751095345480689,1.5777386756428027,0.0,300308 / 300502 / 300394 / 002281 / 603083
2025-09-12,1498858.3872806753,1498858.3872806753,现金,0.0,1951.052271417721,False,False,-0.030895825190070503,1.4980973121344587,-0.030895825190070503,
2025-09-15,1488290.9881294826,0.0,储能,1.0,1198.1282072587335,False,False,-0.0070502985744802515,1.4804849802158042,-0.037728298972255825,300750 / 300274 / 300763 / 300014 / 002074
2025-09-16,1494051.6311963834,0.0,储能,1.0,0.0,False,False,0.0038706429810080323,1.4900860519939725,-0.034003688766850226,300750 / 300274 / 300763 / 300014 / 002074
2025-09-17,1510210.2974411189,0.0,储能,1.0,0.0,False,False,0.010815333223655799,1.517017162401865,-0.02355611676804137,300750 / 300274 / 300763 / 300014 / 002074
2025-09-18,1488892.499410257,0.0,储能,1.0,0.0,False,False,-0.014115781137886918,1.4814874990170948,-0.037339384917172036,300750 / 300274 / 300763 / 300014 / 002074
2025-09-19,1483706.2122554744,0.0,储能,1.0,0.0,False,False,-0.0034833187465427295,1.4728436870924573,-0.04069263868424833,300750 / 300274 / 300763 / 300014 / 002074
2025-09-22,1475482.695595177,0.0,储能,1.0,0.0,False,False,-0.005542550534850421,1.4591378259919616,-0.04600964821279496,300750 / 300274 / 300763 / 300014 / 002074
2025-09-23,1497488.6401435714,0.0,储能,1.0,0.0,False,False,0.014914403682326993,1.495814400239286,-0.031781450997195426,300750 / 300274 / 300763 / 300014 / 002074
2025-09-24,1556946.1230255854,0.0,储能,1.0,0.0,False,False,0.03970479727733589,1.5949102050426425,0.0,300750 / 300274 / 300763 / 300014 / 002074
2025-09-25,1613625.7971310578,0.0,储能,1.0,0.0,False,False,0.03640439015020491,1.689376328551763,0.0,300750 / 300274 / 300763 / 300014 / 002074
2025-09-26,1555113.2748316664,0.0,储能,1.0,0.0,False,False,-0.03626151887471285,1.5918554580527773,-0.03626151887471285,300750 / 300274 / 300763 / 300014 / 002074
2025-09-29,1639149.1301986782,0.0,储能,1.0,0.0,False,False,0.054038414260278556,1.731915216997797,0.0,300750 / 300274 / 300763 / 300014 / 002074
2025-09-30,1685568.079555288,0.0,储能,1.0,0.0,False,False,0.028318929926152148,1.8092801325921468,0.0,300750 / 300274 / 300763 / 300014 / 002074
2025-10-09,1718773.6649396522,0.0,储能,1.0,0.0,False,False,0.019699937242003918,1.8646227748994204,0.0,300750 / 300274 / 300763 / 300014 / 002074
2025-10-10,1565371.940605758,0.0,储能,1.0,0.0,False,False,-0.08925068347453435,1.60895323434293,-0.08925068347453435,300750 / 300274 / 300763 / 300014 / 002074
2025-10-13,1541580.5731131649,0.0,储能,1.0,0.0,False,False,-0.01519853964124751,1.569300955188608,-0.10309274306498561,300750 / 300274 / 300763 / 300014 / 002074
2025-10-14,1458259.5696356453,0.0,存储,1.0,3291.468754316771,False,False,-0.05404907465151554,1.430432616059409,-0.1515697503505523,603986 / 301308 / 300223 / 688525 / 000021
2025-10-15,1480365.9451384987,0.0,存储,1.0,0.0,False,False,0.015159424263800236,1.467276575230831,-0.13870803623787442,603986 / 301308 / 300223 / 688525 / 000021
2025-10-16,1547799.9051190906,0.0,存储,1.0,0.0,False,False,0.045552223220240995,1.5796665085318176,-0.09947427244678242,603986 / 301308 / 300223 / 688525 / 000021
2025-10-17,1455766.6215210252,0.0,存储,1.0,0.0,False,False,-0.05946071148711185,1.426277702535042,-0.15302017291954573,603986 / 301308 / 300223 / 688525 / 000021
2025-10-20,1465583.0930626164,0.0,存储,1.0,0.0,False,False,0.006743162946911463,1.442638488437694,-0.14730884993279525,603986 / 301308 / 300223 / 688525 / 000021
2025-10-21,1518495.7244474804,0.0,存储,1.0,0.0,False,False,0.03610346737440384,1.5308262074124674,-0.11652374281590105,603986 / 301308 / 300223 / 688525 / 000021
2025-10-22,1482273.5868534355,0.0,存储,1.0,0.0,False,False,-0.023853960871193514,1.4704559780890594,-0.13759815088539917,603986 / 301308 / 300223 / 688525 / 000021
2025-10-23,1496118.192973571,0.0,存储,1.0,0.0,False,False,0.009340115241157854,1.4935303216226181,-0.1295432182304812,603986 / 301308 / 300223 / 688525 / 000021
2025-10-24,1642150.1594584668,0.0,存储,1.0,0.0,False,False,0.09760723930149795,1.7369169324307778,-0.044580334830692014,603986 / 301308 / 300223 / 688525 / 000021
2025-10-27,1790896.2566968463,0.0,存储,1.0,0.0,False,False,0.09058008269318774,1.9848270944947437,0.0,603986 / 301308 / 300223 / 688525 / 000021
2025-10-28,1706568.7332057,1706568.7332057,现金,0.0,2221.42720853851,False,False,-0.04708677187515098,1.8442812220095002,-0.04708677187515098,
2025-10-29,1731072.903212721,0.0,存储,1.0,1364.1636556400483,False,False,0.014358736059221666,1.885121505354535,-0.03340414234516542,603986 / 301308 / 300223 / 688525 / 000021
2025-10-30,1734614.163820061,0.0,存储,1.0,0.0,False,False,0.0020457027550762064,1.891023606366768,-0.031426774536115754,603986 / 301308 / 300223 / 688525 / 000021
2025-10-31,1637124.9778478653,0.0,存储,1.0,0.0,False,False,-0.056202231023814386,1.728541629746442,-0.08586275071711791,603986 / 301308 / 300223 / 688525 / 000021
2025-11-03,1692028.5242993133,0.0,存储,1.0,0.0,False,False,0.03353656391195203,1.8200475404988556,-0.05520572843224658,603986 / 301308 / 300223 / 688525 / 000021
2025-11-04,1630382.9990684388,0.0,存储,1.0,0.0,False,False,-0.03643291135201321,1.717304998447398,-0.08962733437416437,603986 / 301308 / 300223 / 688525 / 000021
2025-11-05,1611264.4272380713,0.0,存储,1.0,0.0,False,False,-0.01172642982740335,1.685440712063452,-0.10030275555441182,603986 / 301308 / 300223 / 688525 / 000021
2025-11-06,1648484.5091087604,0.0,存储,1.0,0.0,False,False,0.023099921553217273,1.747474181847934,-0.07951981978607303,603986 / 301308 / 300223 / 688525 / 000021
2025-11-07,1638955.0763499103,0.0,存储,1.0,0.0,False,False,-0.005780723268065224,1.7315917939165173,-0.08484086098162846,603986 / 301308 / 300223 / 688525 / 000021
2025-11-10,1674897.3381538272,0.0,光伏,1.0,3546.122932360264,False,False,0.02192998595419904,1.791495563589712,-0.06477143391709861,601012 / 600438 / 300274 / 002459 / 688223
2025-11-11,1660316.265215061,0.0,光伏,1.0,0.0,False,False,-0.008705651747490717,1.767193775358435,-0.0729132081177214,601012 / 600438 / 300274 / 002459 / 688223
2025-11-12,1566291.8530157397,0.0,光伏,1.0,0.0,False,False,-0.05663042287135711,1.6104864216928996,-0.1254145251804647,601012 / 600438 / 300274 / 002459 / 688223
2025-11-13,1597064.659132197,0.0,光伏,1.0,0.0,False,False,0.019646917052660084,1.661774431886995,-0.10823161690122407,601012 / 600438 / 300274 / 002459 / 688223
2025-11-14,1607551.4535249867,0.0,光伏,1.0,0.0,False,False,0.006566292938000373,1.6792524225416448,-0.10237600446495054,601012 / 600438 / 300274 / 002459 / 688223
2025-11-17,1589172.0913506548,0.0,光伏,1.0,0.0,False,False,-0.011433140839150258,1.6486201522510915,-0.11263866602650363,601012 / 600438 / 300274 / 002459 / 688223
2025-11-18,1557522.675927713,0.0,光伏,1.0,0.0,False,False,-0.01991566274993073,1.5958711265461885,-0.1303110550912484,601012 / 600438 / 300274 / 002459 / 688223
2025-11-19,1549022.1722590805,1549022.1722590805,现金,0.0,2016.350079039556,False,False,-0.005457707807412393,1.5817036204318007,-0.13505756323589724,
2025-11-20,1549022.1722590805,1549022.1722590805,现金,0.0,0.0,False,False,0.0,1.5817036204318007,-0.13505756323589724,
2025-11-21,1549022.1722590805,1549022.1722590805,现金,0.0,0.0,False,False,0.0,1.5817036204318007,-0.13505756323589724,
2025-11-24,1549022.1722590805,1549022.1722590805,现金,0.0,0.0,False,False,0.0,1.5817036204318007,-0.13505756323589724,
2025-11-25,1549022.1722590805,1549022.1722590805,现金,0.0,0.0,False,False,0.0,1.5817036204318007,-0.13505756323589724,
2025-11-26,1549022.1722590805,1549022.1722590805,现金,0.0,0.0,False,False,0.0,1.5817036204318007,-0.13505756323589724,
2025-11-27,1549022.1722590805,1549022.1722590805,现金,0.0,0.0,False,False,0.0,1.5817036204318007,-0.13505756323589724,
2025-11-28,1549022.1722590805,1549022.1722590805,现金,0.0,0.0,False,False,0.0,1.5817036204318007,-0.13505756323589724,
2025-12-01,1549022.1722590805,1549022.1722590805,现金,0.0,0.0,False,False,0.0,1.5817036204318007,-0.13505756323589724,
2025-12-02,1549022.1722590805,1549022.1722590805,现金,0.0,0.0,False,False,0.0,1.5817036204318007,-0.13505756323589724,
2025-12-03,1549022.1722590805,1549022.1722590805,现金,0.0,0.0,False,False,0.0,1.5817036204318007,-0.13505756323589724,
2025-12-04,1549022.1722590805,1549022.1722590805,现金,0.0,0.0,False,False,0.0,1.5817036204318007,-0.13505756323589724,
2025-12-05,1549022.1722590805,1549022.1722590805,现金,0.0,0.0,False,False,0.0,1.5817036204318007,-0.13505756323589724,
2025-12-08,1549022.1722590805,1549022.1722590805,现金,0.0,0.0,False,False,0.0,1.5817036204318007,-0.13505756323589724,
2025-12-09,1587438.2132881046,0.0,CPO,1.0,1238.2271560823988,False,False,0.024800187961802056,1.6457303554801745,-0.11360682822800827,300308 / 300502 / 300394 / 002281 / 603083
2025-12-10,1600567.7108086417,0.0,CPO,1.0,0.0,False,False,0.008270871527869872,1.6676128513477364,-0.10627558418110117,300308 / 300502 / 300394 / 002281 / 603083
2025-12-11,1533957.5246399266,0.0,CPO,1.0,0.0,False,False,-0.041616599984428126,1.5565958743998776,-0.14346935569055297,300308 / 300502 / 300394 / 002281 / 603083
2025-12-12,1550263.964921435,0.0,CPO,1.0,0.0,False,False,0.01063030756691652,1.5837732748690585,-0.13436417150105429,300308 / 300502 / 300394 / 002281 / 603083
2025-12-15,1505686.7064082678,0.0,CPO,1.0,0.0,False,False,-0.028754624710267573,1.5094778440137797,-0.15925520488530298,300308 / 300502 / 300394 / 002281 / 603083
2025-12-16,1441903.4806897428,0.0,CPO,1.0,0.0,False,False,-0.042361552006178194,1.4031724678162383,-0.19487045924747792,300308 / 300502 / 300394 / 002281 / 603083
2025-12-17,1561508.0822077068,0.0,CPO,1.0,0.0,False,False,0.08294910381986909,1.602513470346178,-0.12808568538315346,300308 / 300502 / 300394 / 002281 / 603083
2025-12-18,1535907.46635366,1535907.46635366,现金,0.0,1999.2787686590148,False,False,-0.016394802015915144,1.5598457772561,-0.14238054794613908,
2025-12-19,1535907.46635366,1535907.46635366,现金,0.0,0.0,False,False,0.0,1.5598457772561,-0.14238054794613908,
2025-12-22,1547991.003324391,0.0,商业航天,1.0,1227.7437780604796,False,False,0.007867360004062185,1.5799850055406517,-0.1356333469703449,600118 / 601698 / 600879 / 002465 / 300045
2025-12-23,1457077.5472666882,0.0,商业航天,1.0,0.0,False,False,-0.05872996410344866,1.4284625787778138,-0.18639756947499453,600118 / 601698 / 600879 / 002465 / 300045
2025-12-24,1537028.070292172,0.0,商业航天,1.0,0.0,False,False,0.05487046531975048,1.5617134504869532,-0.14175482552680763,600118 / 601698 / 600879 / 002465 / 300045
2025-12-25,1628135.1170662683,0.0,商业航天,1.0,0.0,False,False,0.05927480996282508,1.7135585284437806,-0.09088250590839742,600118 / 601698 / 600879 / 002465 / 300045
2025-12-26,1639575.7197316375,1639575.7197316375,现金,0.0,2134.222925454219,False,False,0.007026814018964211,1.7326261995527292,-0.08449430635602895,
2025-12-29,1736559.6329288557,0.0,商业航天,1.0,1310.612086116417,False,False,0.059151835459659186,1.894266054881426,-0.030340464203219564,600118 / 601698 / 600879 / 002465 / 300045
2025-12-30,1755736.2657245067,0.0,商业航天,1.0,0.0,False,False,0.011042887576113936,1.9262271095408443,-0.019632622962308943,600118 / 601698 / 600879 / 002465 / 300045
2025-12-31,1888771.9353436846,0.0,商业航天,1.0,0.0,False,False,0.07577201212750517,2.1479532255728078,0.0,600118 / 601698 / 600879 / 002465 / 300045
2026-01-05,1969335.4602531584,1969335.4602531584,现金,0.0,2563.46860751888,False,False,0.042653918878148955,2.282225767088597,0.0,
2026-01-06,2129543.35762874,0.0,商业航天,1.0,1574.2090010017257,False,False,0.081351247976303,2.549238929381233,0.0,600118 / 601698 / 600879 / 002465 / 300045
2026-01-07,2083254.0726790153,0.0,商业航天,1.0,0.0,False,False,-0.021736718711972136,2.4720901211316924,-0.021736718711972136,600118 / 601698 / 600879 / 002465 / 300045
2026-01-08,2171425.221997633,0.0,商业航天,1.0,0.0,False,False,0.042323761885285416,2.619042036662722,0.0,600118 / 601698 / 600879 / 002465 / 300045
2026-01-09,2301007.8508502594,0.0,商业航天,1.0,0.0,False,False,0.059676302706576756,2.8350130847504325,0.0,600118 / 601698 / 600879 / 002465 / 300045
2026-01-12,2573992.1673690225,0.0,商业航天,1.0,0.0,False,False,0.11863684707459421,3.2899869456150377,0.0,600118 / 601698 / 600879 / 002465 / 300045
2026-01-13,2655676.067568959,2655676.067568959,现金,0.0,3456.872822508908,False,False,0.031734323528819885,3.4261267792815984,0.0,
2026-01-14,2667709.0042894515,0.0,商业航天,1.0,2122.8425799911747,False,False,0.004531025778120368,3.4461816738157527,0.0,600118 / 601698 / 600879 / 002465 / 300045
2026-01-15,2402977.7366386135,0.0,商业航天,1.0,0.0,False,False,-0.09923543655817502,3.004962894397689,-0.09923543655817502,600118 / 601698 / 600879 / 002465 / 300045
2026-01-16,2313481.8831790593,0.0,商业航天,1.0,0.0,False,False,-0.0372437297670285,2.8558031386317655,-0.13278326854271771,600118 / 601698 / 600879 / 002465 / 300045
2026-01-19,2298376.275580256,0.0,商业航天,1.0,0.0,False,False,-0.006529382273807172,2.830627125967093,-0.1384456580966439,600118 / 601698 / 600879 / 002465 / 300045
2026-01-20,2190841.533992702,0.0,商业航天,1.0,0.0,False,False,-0.046787265744989925,2.6514025566545034,-0.17875543004502614,600118 / 601698 / 600879 / 002465 / 300045
2026-01-21,2160260.3208978847,0.0,商业航天,1.0,0.0,False,False,-0.01395866046006744,2.600433868163141,-0.19021890415170173,600118 / 601698 / 600879 / 002465 / 300045
2026-01-22,2260213.019914447,0.0,商业航天,1.0,0.0,False,False,0.04626882142380784,2.7670216998574113,-0.15275128723552134,600118 / 601698 / 600879 / 002465 / 300045
2026-01-23,2457482.182459306,0.0,商业航天,1.0,0.0,False,False,0.08727901344109856,3.0958036374321765,-0.07880425544619696,600118 / 601698 / 600879 / 002465 / 300045
2026-01-26,2390986.368358251,2390986.368358251,现金,0.0,3112.3283056630885,False,False,-0.027058513211481228,2.9849772805970853,-0.1037304426705663,
2026-01-27,2438622.66319372,0.0,黄金概念,1.0,1911.2600866173075,False,False,0.019923281648894564,3.0643711053228664,-0.08587381184656195,600547 / 601899 / 600489 / 000975 / 002237
2026-01-28,2643823.3287489233,0.0,黄金概念,1.0,0.0,False,False,0.08414613242643454,3.4063722145815385,-0.008953628563730942,600547 / 601899 / 600489 / 000975 / 002237
2026-01-29,2787745.499000351,2787745.499000351,现金,0.0,3628.7865712430716,False,False,0.05443713605459899,3.646242498333918,0.0,
2026-01-30,2750961.079030541,0.0,黄金概念,1.0,2228.4136682656685,False,False,-0.0131950423677486,3.584935131717568,-0.0131950423677486,600547 / 601899 / 600489 / 000975 / 002237
2026-02-02,2485778.292874958,0.0,黄金概念,1.0,0.0,False,False,-0.09639641512086938,3.142963821458263,-0.10831950270699908,600547 / 601899 / 600489 / 000975 / 002237
2026-02-03,2498881.4616352357,0.0,黄金概念,1.0,0.0,False,False,0.005271253996318004,3.164802436058726,-0.10361922832220449,600547 / 601899 / 600489 / 000975 / 002237
2026-02-04,2471009.710624474,0.0,黄金概念,1.0,0.0,False,False,-0.011153690736703692,3.1183495177074567,-0.11361718223182649,600547 / 601899 / 600489 / 000975 / 002237
2026-02-05,2397526.6046029143,2397526.6046029143,现金,0.0,3120.841680168007,False,False,-0.02973808872770034,2.9958776743381903,-0.13997651311332548,
2026-02-06,2397526.6046029143,2397526.6046029143,现金,0.0,0.0,False,False,0.0,2.9958776743381903,-0.13997651311332548,
2026-02-09,2397526.6046029143,2397526.6046029143,现金,0.0,0.0,False,False,0.0,2.9958776743381903,-0.13997651311332548,
2026-02-10,2502907.204766457,0.0,光纤概念,1.0,1916.4880932077654,False,False,0.04395388145484036,3.171512007944095,-0.10217514272232997,600487 / 000070 / 002281 / 600522 / 002491
2026-02-11,2528869.592022295,0.0,光纤概念,1.0,0.0,False,False,0.010372892453382354,3.2147826533704915,-0.09286210203581546,600487 / 000070 / 002281 / 600522 / 002491
2026-02-12,2651793.7361886133,0.0,光纤概念,1.0,0.0,False,False,0.048608336528740415,3.4196562269810222,-0.048767637813598164,600487 / 000070 / 002281 / 600522 / 002491
2026-02-13,2467115.4213267756,0.0,光纤概念,1.0,0.0,False,False,-0.06964279021462405,3.111859035544626,-0.11501411365870706,600487 / 000070 / 002281 / 600522 / 002491
2026-02-24,2626830.547250295,0.0,光纤概念,1.0,0.0,False,False,0.06473759782087019,3.3780509120838254,-0.05772225327159808,600487 / 000070 / 002281 / 600522 / 002491
2026-02-25,2549365.8573306594,0.0,光纤概念,1.0,0.0,False,False,-0.02948979331792978,3.248943095551099,-0.08550982927070327,600487 / 000070 / 002281 / 600522 / 002491
2026-02-26,2718469.576020455,0.0,光纤概念,1.0,0.0,False,False,0.06633167938746043,3.5307826267007583,-0.02485016046290356,600487 / 000070 / 002281 / 600522 / 002491
2026-02-27,2791303.5311559527,0.0,光纤概念,1.0,0.0,False,False,0.026792264212910144,3.652172551926588,0.0,600487 / 000070 / 002281 / 600522 / 002491
2026-03-02,2927214.826353332,0.0,光纤概念,1.0,0.0,False,False,0.04869097669972677,3.878691377255554,0.0,600487 / 000070 / 002281 / 600522 / 002491
2026-03-03,2889110.8592572547,0.0,光纤概念,1.0,0.0,False,False,-0.013017140646129688,3.815184765428758,-0.013017140646129688,600487 / 000070 / 002281 / 600522 / 002491
2026-03-04,2954024.060262208,0.0,光纤概念,1.0,0.0,False,False,0.02246822782758895,3.9233734337703465,0.0,600487 / 000070 / 002281 / 600522 / 002491
2026-03-05,2917578.83741272,0.0,光纤概念,1.0,0.0,False,False,-0.01233748341448948,3.862631395687867,-0.01233748341448948,600487 / 000070 / 002281 / 600522 / 002491
2026-03-06,2814162.1528902687,0.0,光纤概念,1.0,0.0,False,False,-0.03544606342639922,3.690270254817115,-0.04734623162125651,600487 / 000070 / 002281 / 600522 / 002491
2026-03-09,2723625.194476063,0.0,光纤概念,1.0,0.0,False,False,-0.03217190534711023,3.5393753241267714,-0.0779949184861054,600487 / 000070 / 002281 / 600522 / 002491
2026-03-10,2939090.4351062374,0.0,光纤概念,1.0,0.0,False,False,0.07910972518067894,3.8984840585103955,-0.005055349872351678,600487 / 000070 / 002281 / 600522 / 002491
2026-03-11,3005151.328539334,3005151.328539334,现金,0.0,3911.782043758019,False,False,0.02247664537437366,4.0085855475655565,0.0,
2026-03-12,3083592.0006094323,0.0,光纤概念,1.0,2402.199303388756,False,False,0.026102070576334402,4.1393200010157205,0.0,600487 / 000070 / 002281 / 600522 / 002491
2026-03-13,2965268.76794035,0.0,光纤概念,1.0,0.0,False,False,-0.03837188338979258,3.942114613233916,-0.03837188338979258,600487 / 000070 / 002281 / 600522 / 002491
2026-03-16,2836054.6535237934,0.0,光纤概念,1.0,0.0,False,False,-0.04357585248716167,3.726757755872989,-0.0802756483467062,600487 / 000070 / 002281 / 600522 / 002491
2026-03-17,2636444.4118073797,0.0,光纤概念,1.0,0.0,False,False,-0.07038307300192481,3.394074019678966,-0.14500867453076793,600487 / 000070 / 002281 / 600522 / 002491
2026-03-18,2655832.1856372333,2655832.1856372333,现金,0.0,3457.0760401806383,False,False,0.00735375786533754,3.426386976062055,-0.13872127534630319,
2026-03-19,2655832.1856372333,2655832.1856372333,现金,0.0,0.0,False,False,0.0,3.426386976062055,-0.13872127534630319,
2026-03-20,2655832.1856372333,2655832.1856372333,现金,0.0,0.0,False,False,0.0,3.426386976062055,-0.13872127534630319,
2026-03-23,2655832.1856372333,2655832.1856372333,现金,0.0,0.0,False,False,0.0,3.426386976062055,-0.13872127534630319,
2026-03-24,2655832.1856372333,2655832.1856372333,现金,0.0,0.0,False,False,0.0,3.426386976062055,-0.13872127534630319,
2026-03-25,2655832.1856372333,2655832.1856372333,现金,0.0,0.0,False,False,0.0,3.426386976062055,-0.13872127534630319,
2026-03-26,2655832.1856372333,2655832.1856372333,现金,0.0,0.0,False,False,0.0,3.426386976062055,-0.13872127534630319,
2026-03-27,2655832.1856372333,2655832.1856372333,现金,0.0,0.0,False,False,0.0,3.426386976062055,-0.13872127534630319,
2026-03-30,2655832.1856372333,2655832.1856372333,现金,0.0,0.0,False,False,0.0,3.426386976062055,-0.13872127534630319,
2026-03-31,2655832.1856372333,2655832.1856372333,现金,0.0,0.0,False,False,0.0,3.426386976062055,-0.13872127534630319,
2026-04-01,2655832.1856372333,2655832.1856372333,现金,0.0,0.0,False,False,0.0,3.426386976062055,-0.13872127534630319,
2026-04-02,2655832.1856372333,2655832.1856372333,现金,0.0,0.0,False,False,0.0,3.426386976062055,-0.13872127534630319,
2026-04-03,2655832.1856372333,2655832.1856372333,现金,0.0,0.0,False,False,0.0,3.426386976062055,-0.13872127534630319,
2026-04-07,2655832.1856372333,2655832.1856372333,现金,0.0,0.0,False,False,0.0,3.426386976062055,-0.13872127534630319,
2026-04-08,2655832.1856372333,2655832.1856372333,现金,0.0,0.0,False,False,0.0,3.426386976062055,-0.13872127534630319,
2026-04-09,2753155.997513443,0.0,CPO,1.0,2122.967374610099,False,False,0.0366453168248122,3.588593329189072,-0.10715944360689833,300308 / 300502 / 300394 / 002281 / 603083
2026-04-10,2841347.204036557,0.0,CPO,1.0,0.0,False,False,0.03203276770468699,3.7355786733942615,-0.0785592894666346,300308 / 300502 / 300394 / 002281 / 603083
2026-04-13,2863770.5516204606,0.0,CPO,1.0,0.0,False,False,0.00789180130891709,3.7729509193674344,-0.07128746246115791,300308 / 300502 / 300394 / 002281 / 603083
2026-04-14,2887796.488561855,0.0,CPO,1.0,0.0,False,False,0.008389616594038696,3.812994147603092,-0.06349592034513019,300308 / 300502 / 300394 / 002281 / 603083
2026-04-15,2843486.9692020677,0.0,CPO,1.0,0.0,False,False,-0.015343712597231551,3.7391449486701127,-0.07786536978948932,300308 / 300502 / 300394 / 002281 / 603083
2026-04-16,2976412.9669678924,0.0,CPO,1.0,0.0,False,False,0.04674753188797842,3.9606882782798207,-0.034757851758714375,300308 / 300502 / 300394 / 002281 / 603083
2026-04-17,3220862.8859091653,0.0,CPO,1.0,0.0,False,False,0.08212903305225727,4.368104809848608,0.0,300308 / 300502 / 300394 / 002281 / 603083
2026-04-20,3256369.4893334433,0.0,CPO,1.0,0.0,False,False,0.011023941310763119,4.427282482222406,0.0,300308 / 300502 / 300394 / 002281 / 603083
2026-04-21,3280277.797365359,0.0,CPO,1.0,0.0,False,False,0.007342013278968995,4.467129662275599,0.0,300308 / 300502 / 300394 / 002281 / 603083
2026-04-22,3443732.4674731144,0.0,CPO,1.0,0.0,False,False,0.0498295206092112,4.739554112455191,0.0,300308 / 300502 / 300394 / 002281 / 603083
2026-04-23,3488541.124332785,0.0,光纤概念,1.0,7212.236656704781,False,False,0.013011654442643072,4.814235207221309,0.0,600487 / 000070 / 002281 / 600522 / 002491
2026-04-24,3374985.358988324,0.0,光纤概念,1.0,0.0,False,False,-0.03255107544881808,4.624975598313874,-0.03255107544881808,600487 / 000070 / 002281 / 600522 / 002491
2026-04-27,3529962.0643775323,0.0,光纤概念,1.0,0.0,False,False,0.04591922302017437,4.883270107295887,0.0,600487 / 000070 / 002281 / 600522 / 002491
2026-04-28,3456510.946569761,0.0,光纤概念,1.0,0.0,False,False,-0.020807905713492114,4.760851577616268,-0.020807905713492114,600487 / 000070 / 002281 / 600522 / 002491
2026-04-29,3413427.996365294,0.0,光纤概念,1.0,0.0,False,False,-0.012464288662884848,4.689046660608823,-0.0330128386330939,600487 / 000070 / 002281 / 600522 / 002491
2026-04-30,3363162.573258129,0.0,光纤概念,1.0,0.0,False,False,-0.014725789781032117,4.605270955430215,-0.04725248829233997,600487 / 000070 / 002281 / 600522 / 002491
2026-05-06,3554366.28287534,0.0,光纤概念,1.0,0.0,False,False,0.05685235413165857,4.923943804792233,0.0,600487 / 000070 / 002281 / 600522 / 002491
2026-05-07,3867770.121549928,0.0,光纤概念,1.0,0.0,False,False,0.08817432243394374,5.446283535916547,0.0,600487 / 000070 / 002281 / 600522 / 002491
2026-05-08,4127258.0399167496,0.0,光纤概念,1.0,0.0,False,False,0.06708979856921715,5.878763399861249,0.0,600487 / 000070 / 002281 / 600522 / 002491
2026-05-11,4338933.0678622965,0.0,光纤概念,1.0,0.0,False,False,0.05128708355482825,6.231555113103828,0.0,600487 / 000070 / 002281 / 600522 / 002491
2026-05-12,4471476.675107823,0.0,光纤概念,1.0,0.0,False,False,0.030547511374916736,6.452461125179704,0.0,600487 / 000070 / 002281 / 600522 / 002491
2026-05-13,4514015.186007749,0.0,光纤概念,1.0,0.0,False,False,0.00951330264937611,6.523358643346249,0.0,600487 / 000070 / 002281 / 600522 / 002491
2026-05-14,4423582.001294186,0.0,光纤概念,1.0,0.0,False,False,-0.020033868072460548,6.3726366688236435,-0.020033868072460548,600487 / 000070 / 002281 / 600522 / 002491
2026-05-15,4150681.8314079028,0.0,光纤概念,1.0,0.0,False,False,-0.0616921241216829,5.917803052346504,-0.08049006031837991,600487 / 000070 / 002281 / 600522 / 002491
2026-05-18,4361337.086081004,0.0,光纤概念,1.0,0.0,False,False,0.050751963949413836,6.26889514346834,-0.033823125008530575,600487 / 000070 / 002281 / 600522 / 002491
2026-05-19,4500870.1613848545,0.0,光纤概念,1.0,0.0,False,False,0.03199318753626357,6.501450268974757,-0.0029120470537274956,600487 / 000070 / 002281 / 600522 / 002491
2026-05-20,4604324.218746618,0.0,光纤概念,1.0,0.0,False,False,0.022985345866971763,6.673873697911031,0.0,600487 / 000070 / 002281 / 600522 / 002491
2026-05-21,4213618.30161785,0.0,光纤概念,1.0,0.0,False,False,-0.08485629998382826,6.022697169363083,-0.08485629998382826,600487 / 000070 / 002281 / 600522 / 002491
2026-05-22,4335483.125262683,0.0,光纤概念,1.0,0.0,False,False,0.028921657094104214,6.225805208771138,-0.05838882770013065,600487 / 000070 / 002281 / 600522 / 002491
2026-05-25,4390368.791416106,0.0,光纤概念,1.0,0.0,False,False,0.012659642436065877,6.317281319026843,-0.046468366945009554,600487 / 000070 / 002281 / 600522 / 002491
2026-05-26,4342005.773985091,0.0,被动元件,1.0,9053.44972840226,False,False,-0.011015707273970388,6.236676289975151,-0.05697219229121442,000636 / 002138 / 603678 / 300408 / 300319
2026-05-27,4550704.113480738,0.0,被动元件,1.0,0.0,False,False,0.04806496130107729,6.584506855801231,-0.011645597207851743,000636 / 002138 / 603678 / 300408 / 300319
2026-05-28,4848765.031050919,0.0,被动元件,1.0,0.0,False,False,0.06549775817927217,7.081275051751531,0.0,000636 / 002138 / 603678 / 300408 / 300319
2026-05-29,4924612.532804063,0.0,被动元件,1.0,0.0,False,False,0.01564264328492415,7.207687554673438,0.0,000636 / 002138 / 603678 / 300408 / 300319
2026-06-01,5030906.187759517,0.0,被动元件,1.0,0.0,False,False,0.021584166114066106,7.38484364626586,0.0,000636 / 002138 / 603678 / 300408 / 300319
2026-06-02,5404658.672507988,0.0,被动元件,1.0,0.0,False,False,0.07429128486987757,8.00776445417998,0.0,000636 / 002138 / 603678 / 300408 / 300319
2026-06-03,5616666.521623727,0.0,被动元件,1.0,0.0,False,False,0.039226871105508376,8.361110869372878,0.0,000636 / 002138 / 603678 / 300408 / 300319
2026-06-04,5857056.405535945,0.0,被动元件,1.0,0.0,False,False,0.0427993869649792,8.76176067589324,0.0,000636 / 002138 / 603678 / 300408 / 300319
2026-06-05,5967004.655062124,0.0,被动元件,1.0,0.0,False,False,0.018771929432378265,8.945007758436873,0.0,000636 / 002138 / 603678 / 300408 / 300319
2026-06-08,5705571.2174031045,0.0,被动元件,1.0,0.0,False,False,-0.04381317809719354,8.509285362338508,-0.04381317809719354,000636 / 002138 / 603678 / 300408 / 300319
2026-06-09,6190384.143642497,0.0,被动元件,1.0,0.0,False,False,0.08497184729911322,9.31730690607083,0.0,000636 / 002138 / 603678 / 300408 / 300319
2026-06-10,6038276.698341586,6038276.698341586,现金,0.0,7859.977678826535,False,False,-0.024571568059653548,9.063794497235977,-0.024571568059653548,
2026-06-11,6038276.698341586,6038276.698341586,现金,0.0,0.0,False,False,0.0,9.063794497235977,-0.024571568059653548,
2026-06-12,6038276.698341586,6038276.698341586,现金,0.0,0.0,False,False,0.0,9.063794497235977,-0.024571568059653548,
2026-06-15,6038276.698341586,6038276.698341586,现金,0.0,0.0,False,False,0.0,9.063794497235977,-0.024571568059653548,
2026-06-16,6156988.631029905,0.0,被动元件,1.0,4826.759950712699,False,False,0.01965990275353291,9.261647718383175,-0.005394739944675209,000636 / 002138 / 603678 / 300408 / 300319
2026-06-17,6418766.309248075,0.0,被动元件,1.0,0.0,False,False,0.042517161213984744,9.69794384874679,0.0,000636 / 002138 / 603678 / 300408 / 300319
2026-06-18,6766415.228139413,0.0,被动元件,1.0,0.0,False,False,0.05416132978551502,10.277358713565688,0.0,000636 / 002138 / 603678 / 300408 / 300319
2026-06-22,6944159.511621972,0.0,被动元件,1.0,0.0,False,False,0.02626860420025312,10.573599186036619,0.0,000636 / 002138 / 603678 / 300408 / 300319
2026-06-23,6643718.097025977,0.0,被动元件,1.0,0.0,False,False,-0.043265338892801264,10.072863495043295,-0.043265338892801264,000636 / 002138 / 603678 / 300408 / 300319
2026-06-24,6767933.9132930925,0.0,被动元件,1.0,0.0,False,False,0.01869673192827359,10.279889855488488,-0.02537752740759225,000636 / 002138 / 603678 / 300408 / 300319
2026-06-25,7166469.358984193,0.0,被动元件,1.0,0.0,False,False,0.058885835883876636,10.944115598306988,0.0,000636 / 002138 / 603678 / 300408 / 300319
2026-06-26,7043755.253560539,7043755.253560539,现金,0.0,9168.801271281367,False,False,-0.017123369859917692,10.739592089267566,-0.017123369859917692,
2026-06-29,7043755.253560539,7043755.253560539,现金,0.0,0.0,False,False,0.0,10.739592089267566,-0.017123369859917692,
2026-06-30,7279922.161047576,0.0,存储,1.0,5630.499803006027,False,False,0.03352855103357788,11.13320360174596,0.0,603986 / 301308 / 300223 / 688525 / 000021
2026-07-01,7058228.505897101,0.0,存储,1.0,0.0,False,False,-0.03045275076383147,10.763714176495169,-0.03045275076383147,603986 / 301308 / 300223 / 688525 / 000021
2026-07-02,6366442.078065827,0.0,存储,1.0,0.0,False,False,-0.09801133914172544,9.610736796776377,-0.1254793750226445,603986 / 301308 / 300223 / 688525 / 000021
2026-07-03,6549971.773797903,0.0,存储,1.0,0.0,False,False,0.02882767069606862,9.916619622996505,-0.10026898242887716,603986 / 301308 / 300223 / 688525 / 000021
2026-07-06,6612376.002813588,0.0,存储,1.0,0.0,False,False,0.00952740426536236,10.02062667135598,-0.09169688129439124,603986 / 301308 / 300223 / 688525 / 000021
2026-07-07,6244666.526085221,0.0,存储,1.0,0.0,False,False,-0.05560928122839737,9.407777543475369,-0.1422069648631219,603986 / 301308 / 300223 / 688525 / 000021
2026-07-08,5897674.808806241,0.0,存储,1.0,0.0,False,False,-0.0555660924133462,8.829458014677067,-0.1898711719250623,603986 / 301308 / 300223 / 688525 / 000021
2026-07-09,6094084.664261293,6094084.664261293,现金,0.0,7932.622472754261,False,False,0.033302930701058386,9.15680777376882,-0.16289150770475302,
2026-07-10,6094084.664261293,6094084.664261293,现金,0.0,0.0,False,False,0.0,9.15680777376882,-0.16289150770475302,
2026-07-13,6094084.664261293,6094084.664261293,现金,0.0,0.0,False,False,0.0,9.15680777376882,-0.16289150770475302,
2026-07-14,6094084.664261293,6094084.664261293,现金,0.0,0.0,False,False,0.0,9.15680777376882,-0.16289150770475302,
2026-07-15,6094084.664261293,6094084.664261293,现金,0.0,0.0,False,False,0.0,9.15680777376882,-0.16289150770475302,
2026-07-16,6094084.664261293,6094084.664261293,现金,0.0,0.0,False,False,0.0,9.15680777376882,-0.16289150770475302,
2026-07-17,6094084.664261293,6094084.664261293,现金,0.0,0.0,False,False,0.0,9.15680777376882,-0.16289150770475302,
2026-07-20,6094084.664261293,6094084.664261293,现金,0.0,0.0,False,False,0.0,9.15680777376882,-0.16289150770475302,
2026-07-21,6094084.664261293,6094084.664261293,现金,0.0,0.0,False,False,0.0,9.15680777376882,-0.16289150770475302,
2026-07-22,6094084.664261293,6094084.664261293,现金,0.0,0.0,False,False,0.0,9.15680777376882,-0.16289150770475302,
2026-07-23,6094084.664261293,6094084.664261293,现金,0.0,0.0,False,False,0.0,9.15680777376882,-0.16289150770475302,
2026-07-24,6094084.664261293,6094084.664261293,现金,0.0,0.0,False,False,0.0,9.15680777376882,-0.16289150770475302,
2026-07-27,6094084.664261293,6094084.664261293,现金,0.0,0.0,False,False,0.0,9.15680777376882,-0.16289150770475302,
2026-07-28,6094084.664261293,6094084.664261293,现金,0.0,0.0,False,False,0.0,9.15680777376882,-0.16289150770475302,
2026-07-29,6094084.664261293,6094084.664261293,现金,0.0,0.0,False,False,0.0,9.15680777376882,-0.16289150770475302,
2026-07-30,6094084.664261293,6094084.664261293,现金,0.0,0.0,False,False,0.0,9.15680777376882,-0.16289150770475302,
2026-07-31,6094084.664261293,6094084.664261293,现金,0.0,0.0,False,False,0.0,9.15680777376882,-0.16289150770475302,
2026-08-03,6094084.664261293,6094084.664261293,现金,0.0,0.0,False,False,0.0,9.15680777376882,-0.16289150770475302,
2026-08-04,6094084.664261293,6094084.664261293,现金,0.0,0.0,False,False,0.0,9.15680777376882,-0.16289150770475302,
2026-08-05,6094084.664261293,6094084.664261293,现金,0.0,0.0,False,False,0.0,9.15680777376882,-0.16289150770475302,
2026-08-06,6094084.664261293,6094084.664261293,现金,0.0,0.0,False,False,0.0,9.15680777376882,-0.16289150770475302,
2026-08-07,6094084.664261293,6094084.664261293,现金,0.0,0.0,False,False,0.0,9.15680777376882,-0.16289150770475302,
2026-08-10,6094084.664261293,6094084.664261293,现金,0.0,0.0,False,False,0.0,9.15680777376882,-0.16289150770475302,
2026-08-11,6094084.664261293,6094084.664261293,现金,0.0,0.0,False,False,0.0,9.15680777376882,-0.16289150770475302,
2026-08-12,6179713.04060442,0.0,黄金概念,1.0,4871.370634901114,False,False,0.014051064443737493,9.2995217343407,-0.15112924233311265,600547 / 601899 / 600489 / 000975 / 002237
2026-08-13,5935022.161307573,0.0,黄金概念,1.0,0.0,False,False,-0.03959583198913619,8.89170360217929,-0.18474098623418145,600547 / 601899 / 600489 / 000975 / 002237
2026-08-14,5958720.4211460445,0.0,黄金概念,1.0,0.0,False,False,0.003992952207148903,8.931200701910074,-0.18148569595576713,600547 / 601899 / 600489 / 000975 / 002237
2026-08-17,6188935.545139329,0.0,黄金概念,1.0,0.0,False,False,0.03863499337480358,9.314892575232214,-0.14986240124183625,600547 / 601899 / 600489 / 000975 / 002237
2026-08-18,6220097.446601564,0.0,黄金概念,1.0,0.0,False,False,0.005035098723351394,9.366829077669273,-0.1455818745036559,600547 / 601899 / 600489 / 000975 / 002237
2026-08-19,6237321.301861912,0.0,黄金概念,1.0,0.0,False,False,0.002769065180764807,9.395535503103186,-0.14321593502252972,600547 / 601899 / 600489 / 000975 / 002237
2026-08-20,6567937.483688419,0.0,黄金概念,1.0,0.0,False,False,0.0530061168610656,9.946562472814032,-0.09780113874963503,600547 / 601899 / 600489 / 000975 / 002237
2026-08-21,6779779.798488084,0.0,黄金概念,1.0,0.0,False,False,0.03225400901360276,10.29963299748014,-0.06870160854680374,600547 / 601899 / 600489 / 000975 / 002237
2026-08-24,6760534.286605665,0.0,黄金概念,1.0,0.0,False,False,-0.002838663268490027,10.267557144342776,-0.07134525108262568,600547 / 601899 / 600489 / 000975 / 002237
2026-08-25,6528889.120110059,0.0,黄金概念,1.0,0.0,False,False,-0.03426432833194182,9.881481866850098,-0.10316498230654758,600547 / 601899 / 600489 / 000975 / 002237
2026-08-26,6532665.9237377625,0.0,黄金概念,1.0,0.0,False,False,0.0005784756883173703,9.887776539562937,-0.10264618505238021,600547 / 601899 / 600489 / 000975 / 002237
2026-08-27,6604177.159312983,0.0,黄金概念,1.0,0.0,False,False,0.010946715538501683,10.006961932188306,-0.0928231081027594,600547 / 601899 / 600489 / 000975 / 002237
2026-08-28,6648587.0219776975,0.0,黄金概念,1.0,0.0,False,False,0.00672451110765393,10.080978369962828,-0.08672278701658942,600547 / 601899 / 600489 / 000975 / 002237
2026-08-31,6653488.943667796,0.0,液冷,1.0,13230.629418988681,False,False,0.0007372877385669607,10.089148239446327,-0.08604943892554429,002837 / 300499 / 301018 / 300249 / 600510
2026-09-01,6555405.865583612,0.0,液冷,1.0,0.0,False,False,-0.014741600822457457,9.925676442639352,-0.09952253326836491,002837 / 300499 / 301018 / 300249 / 600510
2026-09-02,6561958.286768169,0.0,液冷,1.0,0.0,False,False,0.0009995446992776547,9.936597144613616,-0.09862246578967437,002837 / 300499 / 301018 / 300249 / 600510
2026-09-03,6765487.219240649,0.0,液冷,1.0,0.0,False,False,0.0310164928787926,10.275812032067748,-0.07066489591873615,002837 / 300499 / 301018 / 300249 / 600510
2026-09-04,6443603.085174107,0.0,液冷,1.0,0.0,False,False,-0.047577376711483876,9.739338475290179,-0.11488022225681649,002837 / 300499 / 301018 / 300249 / 600510
2026-09-07,6633698.797101365,0.0,液冷,1.0,0.0,False,False,0.02950146205694204,10.05616466183561,-0.08876789471787694,002837 / 300499 / 301018 / 300249 / 600510
2026-09-08,6447424.934435499,0.0,液冷,1.0,0.0,False,False,-0.0280799397686341,9.745708224059165,-0.11435523734944464,002837 / 300499 / 301018 / 300249 / 600510
2026-09-09,6549094.8279112745,0.0,液冷,1.0,0.0,False,False,0.01576906974639747,9.91515804651879,-0.10038944331667632,002837 / 300499 / 301018 / 300249 / 600510
2026-09-10,6469152.487316577,6469152.487316577,现金,0.0,8420.845332443727,False,False,-0.012206624380211362,9.781920812194295,-0.11137065147058245,
2026-09-11,6469152.487316577,6469152.487316577,现金,0.0,0.0,False,False,0.0,9.781920812194295,-0.11137065147058245,
2026-09-14,6469152.487316577,6469152.487316577,现金,0.0,0.0,False,False,0.0,9.781920812194295,-0.11137065147058245,
2026-09-15,6469152.487316577,6469152.487316577,现金,0.0,0.0,False,False,0.0,9.781920812194295,-0.11137065147058245,
