,open,prev,close,volume,time
sh000001,3939.0948,3951.5068,3934.4036,484675114.0,15:03:36
sz000002,3.18,3.19,3.16,101044122.0,15:00:00
sz000021,35.63,34.99,36.5,114723405.0,15:00:00
sz000060,6.66,6.68,6.61,85891665.0,15:00:00
sz000063,32.88,33.09,32.45,56609470.0,15:00:00
sz000066,14.3,14.55,14.11,67262470.0,15:00:00
sz000069,1.84,1.85,1.83,39095608.0,15:00:00
sz000070,16.41,16.69,16.18,54740945.0,15:00:00
sz000157,6.65,6.66,6.61,23500120.0,15:00:00
sz000333,85.99,86.02,86.2,20498723.0,15:00:00
sz000400,21.46,21.6,21.16,9473394.0,15:00:00
sz000401,3.64,3.65,3.65,8672900.0,15:00:00
sz000425,8.32,8.38,8.24,61076796.0,15:00:00
sz000554,7.1,6.97,6.86,28152400.0,15:00:00
sz000568,77.0,76.9,74.81,12009014.0,15:00:00
sz000630,6.59,6.57,6.5,212856849.0,15:00:00
sz000636,49.0,49.7,50.9,90882424.0,15:00:00
sz000651,38.95,38.87,38.95,21496068.0,15:00:00
sz000682,11.24,11.26,11.13,7369300.0,15:00:00
sz000708,13.71,13.71,13.5,11931123.0,15:00:00
sz000713,7.19,7.23,6.96,42573761.0,15:00:00
sz000723,3.89,3.89,3.91,124969815.0,15:00:00
sz000768,23.77,23.95,23.5,29276769.0,15:00:00
sz000785,2.35,2.36,2.33,55031254.0,15:00:00
sz000786,16.37,16.37,16.26,13326453.0,15:00:00
sz000830,12.9,12.83,12.57,27856717.0,15:00:00
sz000831,54.05,54.36,53.36,17826507.0,15:00:00
sz000858,71.08,71.16,70.48,22306487.0,15:00:00
sz000876,7.82,7.91,7.61,76241921.0,15:00:00
sz000920,11.64,11.65,11.53,4668100.0,15:00:00
sz000921,27.78,27.81,28.16,9557100.0,15:00:00
sz000932,3.66,3.68,3.63,69102927.0,15:00:00
sz000938,33.18,33.57,33.1,78050523.0,15:00:00
sz000959,3.75,3.76,3.73,16911928.0,15:00:00
sz000975,25.98,25.98,25.87,21697442.0,15:00:00
sz000977,70.51,71.38,70.43,53026417.0,15:00:00
sz000998,9.98,10.02,9.59,70147549.0,15:00:00
sz001696,15.9,16.13,15.63,38658891.0,15:00:00
sz001979,6.8,6.82,6.88,57825589.0,15:00:00
sz002027,4.87,4.88,4.81,114708722.0,15:00:00
sz002028,137.6,138.58,135.26,9976889.0,15:00:00
sz002034,14.5,14.53,14.51,5811480.0,15:00:00
sz002041,11.6,11.66,11.14,60502703.0,15:00:00
sz002044,4.67,4.68,4.62,38574000.0,15:00:00
sz002050,36.0,36.19,35.46,30887833.0,15:00:00
sz002064,10.95,10.93,10.6,28567200.0,15:00:00
sz002065,6.81,6.82,6.73,20890500.0,15:00:00
sz002074,25.7,25.84,25.47,11628018.0,15:00:00
sz002078,14.48,14.5,14.48,11634183.0,15:00:00
sz002080,49.8,50.53,50.85,35614244.0,15:00:00
sz002097,7.68,7.67,7.65,19394506.0,15:00:00
sz002120,6.84,6.85,6.87,21649027.0,15:00:00
sz002138,47.2,47.83,46.94,20878165.0,15:00:00
sz002194,10.67,10.83,10.86,58928278.0,15:00:00
sz002202,17.69,17.85,18.14,97087729.0,15:00:00
sz002212,6.54,6.53,6.55,59749403.0,15:00:00
sz002230,38.98,39.04,39.16,15186067.0,15:00:00
sz002237,14.91,14.97,14.68,18948099.0,15:00:00
sz002241,22.8,23.01,22.53,44462423.0,15:00:00
sz002271,10.8,10.89,10.72,32836730.0,15:00:00
sz002273,25.1,25.49,25.12,18485924.0,15:00:00
sz002281,183.05,182.79,179.39,23492376.0,15:00:00
sz002299,17.22,17.22,17.06,7337699.0,15:00:00
sz002311,43.64,44.09,43.1,8108747.0,15:00:00
sz002315,24.81,24.96,24.53,3995980.0,15:00:00
sz002327,6.32,6.32,6.21,6799799.0,15:00:00
sz002352,31.6,31.62,31.41,11176001.0,15:00:00
sz002368,13.6,13.66,13.52,4577300.0,15:00:00
sz002371,645.88,646.4,638.64,3894258.0,15:00:00
sz002401,12.64,12.63,12.48,3334692.0,15:00:00
sz002405,6.2,6.24,6.17,26649294.0,15:00:00
sz002415,33.57,33.75,33.51,37342031.0,15:00:00
sz002419,4.9,4.92,4.84,12421526.0,15:00:00
sz002439,13.26,13.3,13.25,8301949.0,15:00:00
sz002456,7.2,7.27,7.13,48572886.0,15:00:00
sz002459,6.85,6.89,6.83,19827558.0,15:00:00
sz002463,126.06,127.55,127.92,35384517.0,15:00:00
sz002465,10.13,10.21,10.22,37406077.0,15:00:00
sz002472,36.92,37.22,36.27,12221500.0,15:00:00
sz002475,55.0,55.86,54.45,77359035.0,15:00:00
sz002487,32.4,32.57,33.54,27444713.0,15:00:00
sz002491,21.61,22.22,21.02,123370844.0,15:00:00
sz002493,15.28,15.14,14.37,62238044.0,15:00:00
sz002511,7.29,7.29,7.19,8894081.0,15:00:00
sz002517,17.02,17.1,17.7,60257558.0,15:00:00
sz002555,18.3,18.39,18.18,18097467.0,15:00:00
sz002563,5.77,5.77,5.72,13750900.0,15:00:00
sz002572,7.76,7.77,7.67,6366600.0,15:00:00
sz002600,12.33,12.44,12.84,199995236.0,15:00:00
sz002624,10.76,10.85,10.54,49483795.0,15:00:00
sz002642,7.18,7.16,7.18,7154700.0,15:00:00
sz002648,28.37,28.18,28.07,49210760.0,15:00:00
sz002707,5.78,5.71,5.69,22656501.0,15:00:00
sz002714,43.18,43.25,42.22,40137220.0,15:00:00
sz002837,61.52,62.43,61.08,29502774.0,15:00:00
sz002896,62.0,62.69,61.32,3841859.0,15:00:00
sz002906,27.65,27.75,26.96,4993400.0,15:00:00
sz002916,380.14,383.3,392.31,8311024.0,15:00:00
sz002920,85.11,85.42,83.52,4753243.0,15:00:00
sz002938,93.96,92.45,91.85,37725473.0,15:00:00
sz002984,13.93,13.98,13.74,5534704.0,15:00:00
sz300002,8.24,8.26,8.18,19408192.0,15:00:00
sz300014,50.05,50.24,49.87,18161292.0,15:00:00
sz300015,8.22,8.24,8.17,32018697.0,15:00:00
sz300045,12.02,12.12,11.96,10817700.0,15:00:00
sz300070,3.52,3.53,3.51,23037900.0,15:00:00
sz300124,55.55,55.92,54.46,24854301.0,15:00:00
sz300129,7.33,7.38,7.46,20094762.0,15:00:00
sz300133,7.44,7.53,7.41,40709416.0,15:00:00
sz300136,56.5,57.05,56.96,20703873.0,15:00:00
sz300144,6.06,6.08,6.04,34123955.0,15:00:00
sz300166,12.32,12.43,12.18,20654460.0,15:00:00
sz300168,4.85,4.86,4.84,13665421.0,15:00:00
sz300223,130.62,131.98,132.45,14263149.0,15:00:00
sz300224,11.8,11.83,11.72,10126197.0,15:00:00
sz300249,13.1,13.28,13.04,9721205.0,15:00:00
sz300251,11.41,11.45,11.31,24278939.0,15:00:00
sz300253,6.87,6.9,6.83,22447431.0,15:00:00
sz300272,5.85,5.91,5.8,4591200.0,15:00:00
sz300274,86.23,87.0,85.93,31348031.0,15:00:00
sz300290,6.19,6.17,7.3,69420193.0,15:00:00
sz300296,5.01,5.03,5.0,36865150.0,15:00:00
sz300308,890.01,908.9,890.1,17309924.0,15:00:00
sz300319,19.71,20.05,20.0,81189485.0,15:00:00
sz300347,54.66,54.68,53.81,10550047.0,15:00:00
sz300364,25.17,25.1,24.61,45156726.0,15:00:00
sz300369,7.87,7.91,8.09,59639323.0,15:00:00
sz300394,253.92,258.03,269.0,50983659.0,15:00:00
sz300408,115.07,117.77,117.7,33048805.0,15:00:00
sz300413,18.53,18.57,17.75,117027657.0,15:00:00
sz300433,34.52,35.12,33.81,74777571.0,15:00:00
sz300442,61.6,62.4,61.95,10276924.0,15:00:00
sz300454,129.58,129.87,129.11,7219139.0,15:00:00
sz300476,229.33,233.51,229.95,17715706.0,15:00:00
sz300496,56.06,56.42,55.48,6813100.0,15:00:00
sz300498,15.15,15.21,14.88,42072986.0,15:00:00
sz300499,36.8,36.82,36.53,53664984.0,15:00:00
sz300502,407.01,414.8,410.9,21889332.0,15:00:00
sz300624,54.8,55.35,53.89,6264675.0,15:00:00
sz300662,21.7,21.74,21.54,3240000.0,15:00:00
sz300699,24.0,24.17,24.06,6720196.0,15:00:00
sz300750,335.9,336.84,338.06,29118430.0,15:00:00
sz300760,165.97,165.2,165.7,6501740.0,15:00:00
sz300763,56.57,55.9,56.84,9790726.0,15:00:00
sz300856,10.56,10.64,10.41,4275578.0,15:00:00
sz300957,32.03,32.18,31.65,4191792.0,15:00:00
sz301018,98.5,100.7,97.27,13612186.0,15:00:00
sz301308,345.82,348.03,347.0,7200390.0,15:00:00
sh600004,7.82,7.82,7.82,7478498.0,15:00:01
sh600008,2.82,2.83,2.83,75505380.0,15:00:04
sh600009,23.72,23.78,23.52,5505600.0,15:00:04
sh600011,7.03,7.04,6.95,66725104.0,15:00:02
sh600019,5.89,5.9,5.92,88675876.0,15:00:04
sh600026,21.5,21.43,21.3,74501885.0,15:00:03
sh600028,5.61,5.61,5.56,163662158.0,15:00:02
sh600029,5.01,5.03,5.0,51090302.0,15:00:02
sh600030,27.3,27.33,27.6,101618054.0,15:00:00
sh600031,20.21,20.22,20.01,44740059.0,15:00:04
sh600036,41.0,41.0,41.57,66000292.0,15:00:02
sh600038,28.0,28.12,28.12,6188110.0,15:00:01
sh600048,5.21,5.22,5.21,105558917.0,15:00:01
sh600050,4.2,4.21,4.2,98660219.0,15:00:03
sh600089,19.14,19.28,19.01,47110899.0,15:00:04
sh600111,38.66,38.9,38.18,26264633.0,15:00:02
sh600115,3.48,3.51,3.47,117245582.0,15:00:03
sh600118,57.68,58.36,58.73,24588650.0,15:00:03
sh600157,1.57,1.57,1.57,430233419.0,15:00:02
sh600176,42.0,42.67,43.46,197414117.0,15:00:03
sh600177,8.33,8.32,8.34,24867361.0,15:00:04
sh600183,145.02,148.16,146.96,58353960.0,15:00:04
sh600188,22.05,22.15,21.75,41284927.0,15:00:01
sh600233,16.79,16.8,17.59,35899446.0,15:00:02
sh600258,11.85,11.87,11.72,21228508.0,15:00:02
sh600276,44.45,44.71,42.93,103781432.0,15:00:02
sh600309,78.99,78.87,77.15,24683269.0,15:00:01
sh600315,18.9,18.96,18.62,6453220.0,15:00:01
sh600316,34.16,34.16,33.86,9603341.0,15:00:04
sh600340,1.08,1.08,1.08,30459765.0,15:00:02
sh600398,6.0,6.03,6.0,59092896.0,15:00:01
sh600406,22.4,22.45,22.49,22210338.0,15:00:02
sh600438,11.65,11.71,11.5,22210217.0,15:00:03
sh600487,65.01,66.62,63.91,146400016.0,15:00:02
sh600489,25.75,25.89,25.38,48308759.0,15:00:02
sh600510,6.86,6.9,6.75,4202458.0,15:00:04
sh600519,1291.0,1290.88,1285.13,1890022.0,15:00:03
sh600522,33.7,34.12,33.3,127855123.0,15:00:04
sh600528,6.99,7.03,7.06,10527400.0,15:00:04
sh600536,32.32,32.54,32.02,10137996.0,15:00:01
sh600547,36.0,36.25,35.59,48507928.0,15:00:01
sh600585,17.81,17.86,17.65,17925866.0,15:00:04
sh600588,9.63,9.7,9.53,32009464.0,15:00:03
sh600598,13.93,13.92,13.45,50689663.0,15:00:02
sh600674,15.86,15.84,16.01,20383000.0,15:00:02
sh600688,2.96,2.96,2.91,70368000.0,15:00:01
sh600690,21.33,21.3,21.17,27579751.0,15:00:04
sh600703,12.72,12.85,12.62,72024320.0,15:00:02
sh600754,19.49,19.6,19.7,19846115.0,15:00:04
sh600760,48.7,48.91,48.6,13716455.0,15:00:02
sh600795,5.31,5.31,5.27,79439170.0,15:00:03
sh600801,24.84,25.1,24.96,4646136.0,15:00:02
sh600808,2.64,2.67,2.63,49096000.0,15:00:03
sh600809,119.02,119.02,116.06,5985015.0,15:00:02
sh600827,7.93,7.96,8.01,16652700.0,15:00:03
sh600859,10.25,10.28,10.18,12380856.0,15:00:03
sh600879,14.33,14.46,14.56,64682673.0,15:00:02
sh600886,14.35,14.37,14.46,20476659.0,15:00:02
sh600893,40.9,41.37,41.71,35993461.0,15:00:03
sh600900,28.05,28.05,28.09,61551766.0,15:00:01
sh600938,34.77,34.18,34.42,44685884.0,15:00:01
sh601012,11.8,11.83,11.7,40222520.0,15:00:00
sh601018,3.54,3.55,3.54,52558599.0,15:00:04
sh601066,24.24,24.25,24.41,11239198.0,15:00:04
sh601088,47.36,47.33,47.28,20059700.0,15:00:03
sh601100,101.5,101.63,100.1,2194461.0,15:00:03
sh601111,5.86,5.9,5.85,37411901.0,15:00:04
sh601156,19.1,19.1,19.03,6142200.0,15:00:02
sh601186,6.13,6.14,6.16,38402717.0,15:00:03
sh601200,7.03,7.03,7.05,8812901.0,15:00:02
sh601211,17.51,17.52,17.74,59949310.0,15:00:03
sh601225,26.51,26.54,26.09,31174506.0,15:00:02
sh601231,25.11,25.38,27.92,37942449.0,15:00:04
sh601288,6.82,6.81,6.94,273840320.0,15:00:01
sh601298,9.47,9.46,9.51,11096690.0,15:00:03
sh601318,55.5,55.28,55.52,44435265.0,15:00:03
sh601319,7.91,7.9,7.94,63809978.0,15:00:03
sh601390,4.43,4.44,4.45,70214462.0,15:00:03
sh601398,8.02,8.0,8.1,209994090.0,15:00:00
sh601600,10.0,10.03,9.92,144698802.0,15:00:04
sh601601,33.43,33.43,33.63,24230599.0,15:00:03
sh601615,9.55,9.61,9.68,30841345.0,15:00:02
sh601628,38.11,38.15,38.28,22690463.0,15:00:02
sh601636,5.74,5.79,5.75,33772552.0,15:00:02
sh601668,4.38,4.39,4.39,119559104.0,15:00:02
sh601669,4.67,4.68,4.67,76429200.0,15:00:03
sh601688,19.3,19.32,19.52,37072709.0,15:00:04
sh601689,45.5,45.89,44.32,17113337.0,15:00:01
sh601698,24.08,24.26,24.29,15007193.0,15:00:02
sh601766,6.15,6.16,6.1,89261223.0,15:00:04
sh601800,6.02,6.02,6.02,20928939.0,15:00:00
sh601857,11.4,11.32,11.27,116843557.0,15:00:02
sh601872,21.41,20.99,20.58,215117637.0,15:00:02
sh601881,12.15,12.17,12.27,19331295.0,15:00:02
sh601888,53.52,53.74,52.58,20796930.0,15:00:03
sh601899,34.08,34.4,34.11,99820005.0,15:00:02
sh601919,16.56,16.54,16.38,60363207.0,15:00:02
sh601939,10.86,10.82,10.95,112691158.0,15:00:01
sh601952,10.28,10.28,9.91,75920769.0,15:00:03
sh601988,6.45,6.43,6.53,196226868.0,15:00:02
sh603019,82.1,82.43,82.35,12935071.0,15:00:02
sh603083,215.0,218.99,234.43,32436091.0,15:00:02
sh603128,5.76,5.76,5.65,42955481.0,15:00:01
sh603218,9.28,9.28,9.31,5629800.0,15:00:02
sh603259,154.15,154.88,154.5,25670806.0,15:00:02
sh603298,25.1,25.16,25.1,2984900.0,15:00:00
sh603369,30.56,30.41,29.54,7680209.0,15:00:04
sh603444,387.8,387.78,384.9,924480.0,15:00:02
sh603596,29.55,29.67,28.5,17090028.0,15:00:03
sh603605,60.1,60.3,58.48,4835400.0,15:00:02
sh603678,45.25,45.93,46.87,17298197.0,15:00:05
sh603809,8.7,8.7,8.62,4734445.0,15:00:02
sh603816,23.5,23.51,23.43,5593628.0,15:00:03
sh603833,30.7,30.81,30.27,2762900.0,15:00:03
sh603877,12.62,12.72,12.44,1628500.0,15:00:03
sh603983,33.81,33.81,33.7,4688300.0,15:00:05
sh603986,380.83,381.87,380.64,21520771.0,15:00:02
sh603993,19.04,19.09,19.01,109739379.0,15:00:02
sh688009,4.88,4.88,4.85,27720340.0,15:00:01
sh688012,330.9,333.0,334.19,8324517.0,15:00:02
sh688017,288.0,290.5,285.08,2879941.0,15:00:01
sh688041,232.0,235.8,232.37,13078701.0,15:00:03
sh688072,627.37,631.18,630.95,2157380.0,15:00:04
sh688077,27.28,27.33,26.77,1185715.0,15:00:00
sh688082,275.0,276.53,277.84,2370347.0,15:00:03
sh688111,230.22,231.69,227.72,3392357.0,15:00:04
sh688120,238.6,240.3,243.76,5487778.0,15:00:03
sh688223,4.02,4.04,3.97,61017742.0,15:00:04
sh688256,1049.0,1054.96,1043.84,5679008.0,15:00:01
sh688271,103.25,103.5,102.36,2388742.0,15:00:05
sh688347,223.85,224.0,224.11,7752667.0,15:00:03
sh688525,216.65,217.7,218.79,12885075.0,15:00:03
sh688561,26.58,26.85,27.1,7112016.0,15:00:00
sh688981,120.0,120.51,119.18,19151935.0,15:00:03
